[{"pk": 70, "model": "contenttypes.contenttype", "fields": {"model": "allotment", "name": "allotment", "app_label": "pht"}}, {"pk": 9, "model": "contenttypes.contenttype", "fields": {"model": "allotment", "name": "allotment", "app_label": "scheduler"}}, {"pk": 71, "model": "contenttypes.contenttype", "fields": {"model": "author", "name": "author", "app_label": "pht"}}, {"pk": 72, "model": "contenttypes.contenttype", "fields": {"model": "backend", "name": "backend", "app_label": "pht"}}, {"pk": 10, "model": "contenttypes.contenttype", "fields": {"model": "backend", "name": "backend", "app_label": "scheduler"}}, {"pk": 27, "model": "contenttypes.contenttype", "fields": {"model": "backend_group", "name": "backend_ group", "app_label": "scheduler"}}, {"pk": 58, "model": "contenttypes.contenttype", "fields": {"model": "bandwidth", "name": "bandwidth", "app_label": "calculator"}}, {"pk": 59, "model": "contenttypes.contenttype", "fields": {"model": "beams", "name": "beams", "app_label": "calculator"}}, {"pk": 30, "model": "contenttypes.contenttype", "fields": {"model": "blackout", "name": "blackout", "app_label": "scheduler"}}, {"pk": 29, "model": "contenttypes.contenttype", "fields": {"model": "blackout_sequence", "name": "blackout_ sequence", "app_label": "scheduler"}}, {"pk": 57, "model": "contenttypes.contenttype", "fields": {"model": "calc_backend", "name": "calc_ backend", "app_label": "calculator"}}, {"pk": 32, "model": "contenttypes.contenttype", "fields": {"model": "column", "name": "column", "app_label": "scheduler"}}, {"pk": 66, "model": "contenttypes.contenttype", "fields": {"model": "configuration", "name": "configuration", "app_label": "calculator"}}, {"pk": 5, "model": "contenttypes.contenttype", "fields": {"model": "contenttype", "name": "content type", "app_label": "contenttypes"}}, {"pk": 35, "model": "contenttypes.contenttype", "fields": {"model": "elective", "name": "elective", "app_label": "scheduler"}}, {"pk": 36, "model": "contenttypes.contenttype", "fields": {"model": "emailtemplate", "name": "email template", "app_label": "scheduler"}}, {"pk": 31, "model": "contenttypes.contenttype", "fields": {"model": "explorerconfiguration", "name": "explorer configuration", "app_label": "scheduler"}}, {"pk": 37, "model": "contenttypes.contenttype", "fields": {"model": "filter", "name": "filter", "app_label": "scheduler"}}, {"pk": 67, "model": "contenttypes.contenttype", "fields": {"model": "frequencyresolution", "name": "frequency resolution", "app_label": "calculator"}}, {"pk": 38, "model": "contenttypes.contenttype", "fields": {"model": "friend", "name": "friend", "app_label": "scheduler"}}, {"pk": 2, "model": "contenttypes.contenttype", "fields": {"model": "group", "name": "group", "app_label": "auth"}}, {"pk": 65, "model": "contenttypes.contenttype", "fields": {"model": "integration", "name": "integration", "app_label": "calculator"}}, {"pk": 39, "model": "contenttypes.contenttype", "fields": {"model": "investigator", "name": "investigator", "app_label": "scheduler"}}, {"pk": 8, "model": "contenttypes.contenttype", "fields": {"model": "logentry", "name": "log entry", "app_label": "admin"}}, {"pk": 55, "model": "contenttypes.contenttype", "fields": {"model": "maintenance_activity", "name": "maintenance_ activity", "app_label": "users"}}, {"pk": 53, "model": "contenttypes.contenttype", "fields": {"model": "maintenance_activity_change", "name": "maintenance_ activity_ change", "app_label": "users"}}, {"pk": 56, "model": "contenttypes.contenttype", "fields": {"model": "maintenance_activity_group", "name": "maintenance_ activity_ group", "app_label": "users"}}, {"pk": 52, "model": "contenttypes.contenttype", "fields": {"model": "maintenance_other_resources", "name": "maintenance_ other_ resources", "app_label": "users"}}, {"pk": 54, "model": "contenttypes.contenttype", "fields": {"model": "maintenance_receivers_swap", "name": "maintenance_ receivers_ swap", "app_label": "users"}}, {"pk": 51, "model": "contenttypes.contenttype", "fields": {"model": "maintenance_software_resources", "name": "maintenance_ software_ resources", "app_label": "users"}}, {"pk": 50, "model": "contenttypes.contenttype", "fields": {"model": "maintenance_telescope_resources", "name": "maintenance_ telescope_ resources", "app_label": "users"}}, {"pk": 4, "model": "contenttypes.contenttype", "fields": {"model": "message", "name": "message", "app_label": "auth"}}, {"pk": 64, "model": "contenttypes.contenttype", "fields": {"model": "mode", "name": "mode", "app_label": "calculator"}}, {"pk": 40, "model": "contenttypes.contenttype", "fields": {"model": "observing_parameter", "name": "observing_ parameter", "app_label": "scheduler"}}, {"pk": 73, "model": "contenttypes.contenttype", "fields": {"model": "observingtype", "name": "observing type", "app_label": "pht"}}, {"pk": 11, "model": "contenttypes.contenttype", "fields": {"model": "observing_type", "name": "observing_ type", "app_label": "scheduler"}}, {"pk": 12, "model": "contenttypes.contenttype", "fields": {"model": "parameter", "name": "parameter", "app_label": "scheduler"}}, {"pk": 74, "model": "contenttypes.contenttype", "fields": {"model": "parameter", "name": "parameter", "app_label": "pht"}}, {"pk": 34, "model": "contenttypes.contenttype", "fields": {"model": "period", "name": "period", "app_label": "scheduler"}}, {"pk": 33, "model": "contenttypes.contenttype", "fields": {"model": "period_accounting", "name": "period_ accounting", "app_label": "scheduler"}}, {"pk": 41, "model": "contenttypes.contenttype", "fields": {"model": "period_receiver", "name": "period_ receiver", "app_label": "scheduler"}}, {"pk": 21, "model": "contenttypes.contenttype", "fields": {"model": "period_state", "name": "period_ state", "app_label": "scheduler"}}, {"pk": 1, "model": "contenttypes.contenttype", "fields": {"model": "permission", "name": "permission", "app_label": "auth"}}, {"pk": 61, "model": "contenttypes.contenttype", "fields": {"model": "polarization", "name": "polarization", "app_label": "calculator"}}, {"pk": 49, "model": "contenttypes.contenttype", "fields": {"model": "preference", "name": "preference", "app_label": "users"}}, {"pk": 20, "model": "contenttypes.contenttype", "fields": {"model": "project", "name": "project", "app_label": "scheduler"}}, {"pk": 42, "model": "contenttypes.contenttype", "fields": {"model": "project_allotment", "name": "project_ allotment", "app_label": "scheduler"}}, {"pk": 13, "model": "contenttypes.contenttype", "fields": {"model": "project_type", "name": "project_ type", "app_label": "scheduler"}}, {"pk": 79, "model": "contenttypes.contenttype", "fields": {"model": "proposal", "name": "proposal", "app_label": "pht"}}, {"pk": 78, "model": "contenttypes.contenttype", "fields": {"model": "proposaltype", "name": "proposal type", "app_label": "pht"}}, {"pk": 80, "model": "contenttypes.contenttype", "fields": {"model": "receiver", "name": "receiver", "app_label": "pht"}}, {"pk": 62, "model": "contenttypes.contenttype", "fields": {"model": "receiver", "name": "receiver", "app_label": "calculator"}}, {"pk": 14, "model": "contenttypes.contenttype", "fields": {"model": "receiver", "name": "receiver", "app_label": "scheduler"}}, {"pk": 43, "model": "contenttypes.contenttype", "fields": {"model": "receiver_group", "name": "receiver_ group", "app_label": "scheduler"}}, {"pk": 15, "model": "contenttypes.contenttype", "fields": {"model": "receiver_schedule", "name": "receiver_ schedule", "app_label": "scheduler"}}, {"pk": 44, "model": "contenttypes.contenttype", "fields": {"model": "receiver_temperature", "name": "receiver_ temperature", "app_label": "scheduler"}}, {"pk": 28, "model": "contenttypes.contenttype", "fields": {"model": "repeat", "name": "repeat", "app_label": "scheduler"}}, {"pk": 18, "model": "contenttypes.contenttype", "fields": {"model": "reservation", "name": "reservation", "app_label": "scheduler"}}, {"pk": 95, "model": "contenttypes.contenttype", "fields": {"model": "resource", "name": "resource", "app_label": "pht"}}, {"pk": 94, "model": "contenttypes.contenttype", "fields": {"model": "resourcegroup", "name": "resource group", "app_label": "pht"}}, {"pk": 98, "model": "contenttypes.contenttype", "fields": {"model": "revision", "name": "revision", "app_label": "reversion"}}, {"pk": 16, "model": "contenttypes.contenttype", "fields": {"model": "role", "name": "role", "app_label": "scheduler"}}, {"pk": 45, "model": "contenttypes.contenttype", "fields": {"model": "schedule_notification", "name": "schedule_ notification", "app_label": "scheduler"}}, {"pk": 75, "model": "contenttypes.contenttype", "fields": {"model": "scientificcategory", "name": "scientific category", "app_label": "pht"}}, {"pk": 76, "model": "contenttypes.contenttype", "fields": {"model": "semester", "name": "semester", "app_label": "pht"}}, {"pk": 19, "model": "contenttypes.contenttype", "fields": {"model": "semester", "name": "semester", "app_label": "scheduler"}}, {"pk": 26, "model": "contenttypes.contenttype", "fields": {"model": "sesshun", "name": "sesshun", "app_label": "scheduler"}}, {"pk": 93, "model": "contenttypes.contenttype", "fields": {"model": "session", "name": "session", "app_label": "pht"}}, {"pk": 6, "model": "contenttypes.contenttype", "fields": {"model": "session", "name": "session", "app_label": "sessions"}}, {"pk": 83, "model": "contenttypes.contenttype", "fields": {"model": "sessionflags", "name": "session flags", "app_label": "pht"}}, {"pk": 84, "model": "contenttypes.contenttype", "fields": {"model": "sessiongrade", "name": "session grade", "app_label": "pht"}}, {"pk": 96, "model": "contenttypes.contenttype", "fields": {"model": "sessionparameter", "name": "session parameter", "app_label": "pht"}}, {"pk": 81, "model": "contenttypes.contenttype", "fields": {"model": "sessionseparation", "name": "session separation", "app_label": "pht"}}, {"pk": 82, "model": "contenttypes.contenttype", "fields": {"model": "sessiontype", "name": "session type", "app_label": "pht"}}, {"pk": 22, "model": "contenttypes.contenttype", "fields": {"model": "session_type", "name": "session_ type", "app_label": "scheduler"}}, {"pk": 7, "model": "contenttypes.contenttype", "fields": {"model": "site", "name": "site", "app_label": "sites"}}, {"pk": 90, "model": "contenttypes.contenttype", "fields": {"model": "source", "name": "source", "app_label": "pht"}}, {"pk": 85, "model": "contenttypes.contenttype", "fields": {"model": "sourceconvention", "name": "source convention", "app_label": "pht"}}, {"pk": 86, "model": "contenttypes.contenttype", "fields": {"model": "sourcecoordinateepoch", "name": "source coordinate epoch", "app_label": "pht"}}, {"pk": 87, "model": "contenttypes.contenttype", "fields": {"model": "sourcecoordinatesystem", "name": "source coordinate system", "app_label": "pht"}}, {"pk": 97, "model": "contenttypes.contenttype", "fields": {"model": "sourcegroup", "name": "source group", "app_label": "pht"}}, {"pk": 88, "model": "contenttypes.contenttype", "fields": {"model": "sourcereferenceframe", "name": "source reference frame", "app_label": "pht"}}, {"pk": 89, "model": "contenttypes.contenttype", "fields": {"model": "sourcevelocitytype", "name": "source velocity type", "app_label": "pht"}}, {"pk": 60, "model": "contenttypes.contenttype", "fields": {"model": "spectralwindows", "name": "spectral windows", "app_label": "calculator"}}, {"pk": 77, "model": "contenttypes.contenttype", "fields": {"model": "status", "name": "status", "app_label": "pht"}}, {"pk": 23, "model": "contenttypes.contenttype", "fields": {"model": "status", "name": "status", "app_label": "scheduler"}}, {"pk": 63, "model": "contenttypes.contenttype", "fields": {"model": "switching", "name": "switching", "app_label": "calculator"}}, {"pk": 24, "model": "contenttypes.contenttype", "fields": {"model": "system", "name": "system", "app_label": "scheduler"}}, {"pk": 91, "model": "contenttypes.contenttype", "fields": {"model": "target", "name": "target", "app_label": "pht"}}, {"pk": 25, "model": "contenttypes.contenttype", "fields": {"model": "target", "name": "target", "app_label": "scheduler"}}, {"pk": 46, "model": "contenttypes.contenttype", "fields": {"model": "timezone", "name": "time zone", "app_label": "scheduler"}}, {"pk": 69, "model": "contenttypes.contenttype", "fields": {"model": "tsky", "name": "t sky", "app_label": "calculator"}}, {"pk": 17, "model": "contenttypes.contenttype", "fields": {"model": "user", "name": "user", "app_label": "scheduler"}}, {"pk": 3, "model": "contenttypes.contenttype", "fields": {"model": "user", "name": "user", "app_label": "auth"}}, {"pk": 99, "model": "contenttypes.contenttype", "fields": {"model": "version", "name": "version", "app_label": "reversion"}}, {"pk": 92, "model": "contenttypes.contenttype", "fields": {"model": "weathertype", "name": "weather type", "app_label": "pht"}}, {"pk": 68, "model": "contenttypes.contenttype", "fields": {"model": "weathervalues", "name": "weather values", "app_label": "calculator"}}, {"pk": 47, "model": "contenttypes.contenttype", "fields": {"model": "window", "name": "window", "app_label": "scheduler"}}, {"pk": 48, "model": "contenttypes.contenttype", "fields": {"model": "windowrange", "name": "window range", "app_label": "scheduler"}}, {"pk": 1, "model": "sites.site", "fields": {"domain": "example.com", "name": "example.com"}}, {"pk": 1, "model": "scheduler.backend", "fields": {"abbreviation": "CCB", "rc_code": "K", "deleted": false, "name": "Caltech Continuum Backend"}}, {"pk": 2, "model": "scheduler.backend", "fields": {"abbreviation": "CGSR2", "rc_code": "R", "deleted": false, "name": "Caltech-Green Bank-Swinbourne Recorder 2"}}, {"pk": 3, "model": "scheduler.backend", "fields": {"abbreviation": "DCR", "rc_code": "D", "deleted": false, "name": "GBT Digital Continuum Receiver"}}, {"pk": 4, "model": "scheduler.backend", "fields": {"abbreviation": "gbtSpec", "rc_code": "S", "deleted": false, "name": "GBT Spectrometer"}}, {"pk": 5, "model": "scheduler.backend", "fields": {"abbreviation": "GASP", "rc_code": "Y", "deleted": false, "name": "Green Bank Astronomical Signal Processor"}}, {"pk": 7, "model": "scheduler.backend", "fields": {"abbreviation": "HayMark4", "rc_code": "4", "deleted": false, "name": "Haystack Mark 4 High bandwidth (> 1Gb/s)"}}, {"pk": 8, "model": "scheduler.backend", "fields": {"abbreviation": "Mark5", "rc_code": "5", "deleted": false, "name": "Mark 5 recorder (disks)"}}, {"pk": 9, "model": "scheduler.backend", "fields": {"abbreviation": "Radar", "rc_code": "X", "deleted": false, "name": "Radar backend"}}, {"pk": 10, "model": "scheduler.backend", "fields": {"abbreviation": "gbtS2", "rc_code": "2", "deleted": false, "name": "S2 recorder"}}, {"pk": 11, "model": "scheduler.backend", "fields": {"abbreviation": "gbtSpecP", "rc_code": "P", "deleted": false, "name": "Spectral Processor"}}, {"pk": 12, "model": "scheduler.backend", "fields": {"abbreviation": "gbtVLBA", "rc_code": "V", "deleted": false, "name": "VLBA recorder and DAR "}}, {"pk": 13, "model": "scheduler.backend", "fields": {"abbreviation": "Zpect", "rc_code": "Z", "deleted": false, "name": "Zpectrometer "}}, {"pk": 14, "model": "scheduler.backend", "fields": {"abbreviation": "Other", "rc_code": "O", "deleted": false, "name": "User supplied or new backend "}}, {"pk": 6, "model": "scheduler.backend", "fields": {"abbreviation": "GUPPI", "rc_code": "U", "deleted": false, "name": "Green Bank Ultimate Pulsar Processor"}}, {"pk": 15, "model": "scheduler.backend", "fields": {"abbreviation": "VEGAS", "rc_code": "F", "deleted": false, "name": "VErsitile GB Astronomical Spectrometer"}}, {"pk": 1, "model": "scheduler.receiver", "fields": {"available": true, "name": "NoiseSource", "deleted": false, "freq_low": 0.0, "abbreviation": "NS", "freq_hi": 0.0}}, {"pk": 2, "model": "scheduler.receiver", "fields": {"available": true, "name": "Rcvr_RRI", "deleted": false, "freq_low": 0.10000000000000001, "abbreviation": "RRI", "freq_hi": 1.6000000000000001}}, {"pk": 3, "model": "scheduler.receiver", "fields": {"available": true, "name": "Rcvr_342", "deleted": false, "freq_low": 0.28999999999999998, "abbreviation": "342", "freq_hi": 0.39500000000000002}}, {"pk": 4, "model": "scheduler.receiver", "fields": {"available": true, "name": "Rcvr_450", "deleted": false, "freq_low": 0.38500000000000001, "abbreviation": "450", "freq_hi": 0.52000000000000002}}, {"pk": 5, "model": "scheduler.receiver", "fields": {"available": true, "name": "Rcvr_600", "deleted": false, "freq_low": 0.51000000000000001, "abbreviation": "600", "freq_hi": 0.68999999999999995}}, {"pk": 6, "model": "scheduler.receiver", "fields": {"available": true, "name": "Rcvr_800", "deleted": false, "freq_low": 0.68000000000000005, "abbreviation": "800", "freq_hi": 0.92000000000000004}}, {"pk": 7, "model": "scheduler.receiver", "fields": {"available": true, "name": "Rcvr_1070", "deleted": false, "freq_low": 0.91000000000000003, "abbreviation": "1070", "freq_hi": 1.23}}, {"pk": 8, "model": "scheduler.receiver", "fields": {"available": true, "name": "Rcvr1_2", "deleted": false, "freq_low": 1.1499999999999999, "abbreviation": "L", "freq_hi": 1.73}}, {"pk": 9, "model": "scheduler.receiver", "fields": {"available": true, "name": "Rcvr2_3", "deleted": false, "freq_low": 1.73, "abbreviation": "S", "freq_hi": 2.6000000000000001}}, {"pk": 10, "model": "scheduler.receiver", "fields": {"available": true, "name": "Rcvr4_6", "deleted": false, "freq_low": 3.9500000000000002, "abbreviation": "C", "freq_hi": 6.0999999999999996}}, {"pk": 11, "model": "scheduler.receiver", "fields": {"available": true, "name": "Rcvr8_10", "deleted": false, "freq_low": 8.0, "abbreviation": "X", "freq_hi": 10.0}}, {"pk": 12, "model": "scheduler.receiver", "fields": {"available": true, "name": "Rcvr12_18", "deleted": false, "freq_low": 12.0, "abbreviation": "Ku", "freq_hi": 15.4}}, {"pk": 13, "model": "scheduler.receiver", "fields": {"available": true, "name": "Rcvr18_26", "deleted": false, "freq_low": 18.0, "abbreviation": "K", "freq_hi": 26.5}}, {"pk": 14, "model": "scheduler.receiver", "fields": {"available": true, "name": "Rcvr26_40", "deleted": false, "freq_low": 26.0, "abbreviation": "Ka", "freq_hi": 39.5}}, {"pk": 15, "model": "scheduler.receiver", "fields": {"available": true, "name": "Rcvr40_52", "deleted": false, "freq_low": 38.200000000000003, "abbreviation": "Q", "freq_hi": 49.799999999999997}}, {"pk": 16, "model": "scheduler.receiver", "fields": {"available": true, "name": "Rcvr_PAR", "deleted": false, "freq_low": 80.0, "abbreviation": "MBA", "freq_hi": 100.0}}, {"pk": 17, "model": "scheduler.receiver", "fields": {"available": true, "name": "Zpectrometer", "deleted": false, "freq_low": 0.0, "abbreviation": "Z", "freq_hi": 0.0}}, {"pk": 18, "model": "scheduler.receiver", "fields": {"available": true, "name": "Holography", "deleted": false, "freq_low": 11.699999999999999, "abbreviation": "Hol", "freq_hi": 12.199999999999999}}, {"pk": 19, "model": "scheduler.receiver", "fields": {"available": true, "name": "RcvrArray18_26", "deleted": false, "freq_low": 17.0, "abbreviation": "KFPA", "freq_hi": 27.5}}, {"pk": 20, "model": "scheduler.receiver", "fields": {"available": true, "name": "Rcvr68_92", "deleted": false, "freq_low": 68.0, "abbreviation": "W", "freq_hi": 92.0}}, {"pk": 1, "model": "calculator.calc_backend", "fields": {"dss_backend": null, "name": "Mustang"}}, {"pk": 7, "model": "calculator.calc_backend", "fields": {"dss_backend": null, "name": "Spigot"}}, {"pk": 12, "model": "calculator.calc_backend", "fields": {"dss_backend": null, "name": "Other"}}, {"pk": 2, "model": "calculator.calc_backend", "fields": {"dss_backend": 2, "name": "CGSR2"}}, {"pk": 3, "model": "calculator.calc_backend", "fields": {"dss_backend": 5, "name": "GASP"}}, {"pk": 4, "model": "calculator.calc_backend", "fields": {"dss_backend": 9, "name": "Radar"}}, {"pk": 5, "model": "calculator.calc_backend", "fields": {"dss_backend": 1, "name": "CCB"}}, {"pk": 6, "model": "calculator.calc_backend", "fields": {"dss_backend": 8, "name": "Mark V"}}, {"pk": 8, "model": "calculator.calc_backend", "fields": {"dss_backend": 3, "name": "DCR"}}, {"pk": 9, "model": "calculator.calc_backend", "fields": {"dss_backend": 11, "name": "SP"}}, {"pk": 10, "model": "calculator.calc_backend", "fields": {"dss_backend": 4, "name": "ACS"}}, {"pk": 11, "model": "calculator.calc_backend", "fields": {"dss_backend": 6, "name": "GUPPI"}}, {"pk": 14, "model": "calculator.calc_backend", "fields": {"dss_backend": 15, "name": "VEGAS"}}, {"pk": 1, "model": "calculator.bandwidth", "fields": {"name": "NA"}}, {"pk": 2, "model": "calculator.bandwidth", "fields": {"name": "16"}}, {"pk": 3, "model": "calculator.bandwidth", "fields": {"name": "8"}}, {"pk": 4, "model": "calculator.bandwidth", "fields": {"name": "4"}}, {"pk": 5, "model": "calculator.bandwidth", "fields": {"name": "2"}}, {"pk": 6, "model": "calculator.bandwidth", "fields": {"name": "1"}}, {"pk": 7, "model": "calculator.bandwidth", "fields": {"name": "0.5"}}, {"pk": 8, "model": "calculator.bandwidth", "fields": {"name": "0.25"}}, {"pk": 9, "model": "calculator.bandwidth", "fields": {"name": "0.125"}}, {"pk": 10, "model": "calculator.bandwidth", "fields": {"name": "0.0625"}}, {"pk": 11, "model": "calculator.bandwidth", "fields": {"name": "12.5"}}, {"pk": 12, "model": "calculator.bandwidth", "fields": {"name": "50"}}, {"pk": 13, "model": "calculator.bandwidth", "fields": {"name": "200"}}, {"pk": 14, "model": "calculator.bandwidth", "fields": {"name": "800"}}, {"pk": 15, "model": "calculator.bandwidth", "fields": {"name": "20"}}, {"pk": 16, "model": "calculator.bandwidth", "fields": {"name": "40"}}, {"pk": 17, "model": "calculator.bandwidth", "fields": {"name": "80"}}, {"pk": 18, "model": "calculator.bandwidth", "fields": {"name": "240"}}, {"pk": 19, "model": "calculator.bandwidth", "fields": {"name": "320"}}, {"pk": 20, "model": "calculator.bandwidth", "fields": {"name": "1280"}}, {"pk": 21, "model": "calculator.bandwidth", "fields": {"name": "10"}}, {"pk": 22, "model": "calculator.bandwidth", "fields": {"name": "5"}}, {"pk": 23, "model": "calculator.bandwidth", "fields": {"name": "2.5"}}, {"pk": 24, "model": "calculator.bandwidth", "fields": {"name": "1.25"}}, {"pk": 25, "model": "calculator.bandwidth", "fields": {"name": "0.625"}}, {"pk": 26, "model": "calculator.bandwidth", "fields": {"name": "0.3125"}}, {"pk": 27, "model": "calculator.bandwidth", "fields": {"name": "0.15625"}}, {"pk": 28, "model": "calculator.bandwidth", "fields": {"name": "0.078125"}}, {"pk": 29, "model": "calculator.bandwidth", "fields": {"name": "400"}}, {"pk": 30, "model": "calculator.bandwidth", "fields": {"name": "100"}}, {"pk": 1, "model": "calculator.beams", "fields": {"name": "1"}}, {"pk": 2, "model": "calculator.beams", "fields": {"name": "2"}}, {"pk": 3, "model": "calculator.beams", "fields": {"name": "NA"}}, {"pk": 1, "model": "calculator.spectralwindows", "fields": {"name": "NA"}}, {"pk": 2, "model": "calculator.spectralwindows", "fields": {"name": "1"}}, {"pk": 3, "model": "calculator.spectralwindows", "fields": {"name": "2"}}, {"pk": 4, "model": "calculator.spectralwindows", "fields": {"name": "4"}}, {"pk": 5, "model": "calculator.spectralwindows", "fields": {"name": "8"}}, {"pk": 6, "model": "calculator.spectralwindows", "fields": {"name": "16"}}, {"pk": 1, "model": "calculator.polarization", "fields": {"name": "NA"}}, {"pk": 2, "model": "calculator.polarization", "fields": {"name": "Summed"}}, {"pk": 3, "model": "calculator.polarization", "fields": {"name": "Single"}}, {"pk": 4, "model": "calculator.polarization", "fields": {"name": "Dual"}}, {"pk": 5, "model": "calculator.polarization", "fields": {"name": "(Q,U)"}}, {"pk": 6, "model": "calculator.polarization", "fields": {"name": "(I,Q,U,V)"}}, {"pk": 1, "model": "calculator.receiver", "fields": {"dss_receiver": 3, "display_name": "PF1", "name": "3", "band_low": 0.28999999999999998, "band_hi": 0.39500000000000002}}, {"pk": 2, "model": "calculator.receiver", "fields": {"dss_receiver": 4, "display_name": "PF1", "name": "4", "band_low": 0.38500000000000001, "band_hi": 0.52000000000000002}}, {"pk": 3, "model": "calculator.receiver", "fields": {"dss_receiver": 5, "display_name": "PF1", "name": "6", "band_low": 0.51000000000000001, "band_hi": 0.68999999999999995}}, {"pk": 4, "model": "calculator.receiver", "fields": {"dss_receiver": 6, "display_name": "PF1", "name": "8", "band_low": 0.68000000000000005, "band_hi": 0.92000000000000004}}, {"pk": 5, "model": "calculator.receiver", "fields": {"dss_receiver": 7, "display_name": "PF2", "name": "A", "band_low": 0.90000000000000002, "band_hi": 1.23}}, {"pk": 6, "model": "calculator.receiver", "fields": {"dss_receiver": 8, "display_name": "L", "name": "L", "band_low": 1.1499999999999999, "band_hi": 1.73}}, {"pk": 7, "model": "calculator.receiver", "fields": {"dss_receiver": 9, "display_name": "S", "name": "S", "band_low": 1.73, "band_hi": 2.6000000000000001}}, {"pk": 8, "model": "calculator.receiver", "fields": {"dss_receiver": 10, "display_name": "C", "name": "C", "band_low": 3.9500000000000002, "band_hi": 5.8499999999999996}}, {"pk": 9, "model": "calculator.receiver", "fields": {"dss_receiver": 11, "display_name": "X", "name": "X", "band_low": 8.0, "band_hi": 10.0}}, {"pk": 10, "model": "calculator.receiver", "fields": {"dss_receiver": 12, "display_name": "Ku", "name": "U", "band_low": 12.0, "band_hi": 15.4}}, {"pk": 11, "model": "calculator.receiver", "fields": {"dss_receiver": 13, "display_name": "K Lower", "name": "K1", "band_low": 18.0, "band_hi": 22.399999999999999}}, {"pk": 12, "model": "calculator.receiver", "fields": {"dss_receiver": 13, "display_name": "K Upper", "name": "K2", "band_low": 22.0, "band_hi": 26.5}}, {"pk": 14, "model": "calculator.receiver", "fields": {"dss_receiver": 14, "display_name": "Ka F1", "name": "B1", "band_low": 26.0, "band_hi": 31.0}}, {"pk": 15, "model": "calculator.receiver", "fields": {"dss_receiver": 14, "display_name": "Ka F2", "name": "B2", "band_low": 27.0, "band_hi": 30.5}}, {"pk": 16, "model": "calculator.receiver", "fields": {"dss_receiver": 14, "display_name": "Ka F3", "name": "B3", "band_low": 26.0, "band_hi": 39.799999999999997}}, {"pk": 18, "model": "calculator.receiver", "fields": {"dss_receiver": 14, "display_name": "Ka", "name": "B", "band_low": 26.0, "band_hi": 39.799999999999997}}, {"pk": 13, "model": "calculator.receiver", "fields": {"dss_receiver": 15, "display_name": "Q", "name": "Q", "band_low": 38.200000000000003, "band_hi": 49.799999999999997}}, {"pk": 17, "model": "calculator.receiver", "fields": {"dss_receiver": null, "display_name": "", "name": "O", "band_low": null, "band_hi": null}}, {"pk": 19, "model": "calculator.receiver", "fields": {"dss_receiver": null, "display_name": "", "name": "NA", "band_low": null, "band_hi": null}}, {"pk": 20, "model": "calculator.receiver", "fields": {"dss_receiver": 20, "display_name": "W", "name": "W", "band_low": 68.0, "band_hi": 92.0}}, {"pk": 21, "model": "calculator.receiver", "fields": {"dss_receiver": 19, "display_name": "KFPA", "name": "KFPA", "band_low": 17.0, "band_hi": 27.5}}, {"pk": 22, "model": "calculator.receiver", "fields": {"dss_receiver": 16, "display_name": "Mustang", "name": "MBA", "band_low": 80.0, "band_hi": 100.0}}, {"pk": 1, "model": "calculator.switching", "fields": {"abbreviation": "NA", "name": "NA"}}, {"pk": 2, "model": "calculator.switching", "fields": {"abbreviation": "BSW", "name": "Beam switching"}}, {"pk": 3, "model": "calculator.switching", "fields": {"abbreviation": "BSW-PS", "name": "Beam Switching - Position Switching"}}, {"pk": 4, "model": "calculator.switching", "fields": {"abbreviation": "BSW-NOD", "name": "Beam Switching - Nodding between beams"}}, {"pk": 5, "model": "calculator.switching", "fields": {"abbreviation": "BSW-SRN", "name": "Beam Switching - Sub-reflector nodding between beams"}}, {"pk": 6, "model": "calculator.switching", "fields": {"abbreviation": "TP", "name": "Total Power"}}, {"pk": 7, "model": "calculator.switching", "fields": {"abbreviation": "TP-PS", "name": "Position Switching"}}, {"pk": 8, "model": "calculator.switching", "fields": {"abbreviation": "TP-NOD", "name": "Nodding between beams"}}, {"pk": 9, "model": "calculator.switching", "fields": {"abbreviation": "TP-SRN", "name": "Sub-reflector nodding between beams"}}, {"pk": 10, "model": "calculator.switching", "fields": {"abbreviation": "IFSW", "name": "In-Band Frequency Switching"}}, {"pk": 14, "model": "calculator.switching", "fields": {"abbreviation": "OFSW", "name": "Out-of-Band Frequency Switching"}}, {"pk": 1, "model": "calculator.mode", "fields": {"name": "Continuum"}}, {"pk": 2, "model": "calculator.mode", "fields": {"name": "Pulsar"}}, {"pk": 3, "model": "calculator.mode", "fields": {"name": "HTR"}}, {"pk": 4, "model": "calculator.mode", "fields": {"name": "Spectral Line"}}, {"pk": 5, "model": "calculator.mode", "fields": {"name": "NA"}}, {"pk": 6, "model": "calculator.mode", "fields": {"name": "Radar"}}, {"pk": 1, "model": "calculator.integration", "fields": {"name": "NA"}}, {"pk": 2, "model": "calculator.integration", "fields": {"name": "0.005"}}, {"pk": 3, "model": "calculator.integration", "fields": {"name": "2.0E-09"}}, {"pk": 4, "model": "calculator.integration", "fields": {"name": "0.100"}}, {"pk": 5, "model": "calculator.integration", "fields": {"name": "1.00"}}, {"pk": 1, "model": "calculator.frequencyresolution", "fields": {"windows": [], "bandwidth": null, "max_number_channels": 1024, "backend": 9}}, {"pk": 2, "model": "calculator.frequencyresolution", "fields": {"windows": [], "bandwidth": 800.0, "max_number_channels": 8192, "backend": 10}}, {"pk": 3, "model": "calculator.frequencyresolution", "fields": {"windows": [], "bandwidth": 200.0, "max_number_channels": 32768, "backend": 10}}, {"pk": 4, "model": "calculator.frequencyresolution", "fields": {"windows": [], "bandwidth": 50.0, "max_number_channels": 131072, "backend": 10}}, {"pk": 5, "model": "calculator.frequencyresolution", "fields": {"windows": [], "bandwidth": 12.5, "max_number_channels": 131072, "backend": 10}}, {"pk": 6, "model": "calculator.frequencyresolution", "fields": {"windows": [], "bandwidth": 1500.0, "max_number_channels": 1024, "backend": 14}}, {"pk": 7, "model": "calculator.frequencyresolution", "fields": {"windows": [], "bandwidth": 1000.0, "max_number_channels": 2048, "backend": 14}}, {"pk": 8, "model": "calculator.frequencyresolution", "fields": {"windows": [], "bandwidth": 800.0, "max_number_channels": 4096, "backend": 14}}, {"pk": 9, "model": "calculator.frequencyresolution", "fields": {"windows": [], "bandwidth": 500.0, "max_number_channels": 8192, "backend": 14}}, {"pk": 10, "model": "calculator.frequencyresolution", "fields": {"windows": [], "bandwidth": 400.0, "max_number_channels": 16384, "backend": 14}}, {"pk": 11, "model": "calculator.frequencyresolution", "fields": {"windows": [], "bandwidth": 250.0, "max_number_channels": 32768, "backend": 14}}, {"pk": 12, "model": "calculator.frequencyresolution", "fields": {"windows": [], "bandwidth": 100.0, "max_number_channels": 32768, "backend": 14}}, {"pk": 13, "model": "calculator.frequencyresolution", "fields": {"windows": [], "bandwidth": 50.0, "max_number_channels": 32768, "backend": 14}}, {"pk": 14, "model": "calculator.frequencyresolution", "fields": {"windows": [], "bandwidth": 25.0, "max_number_channels": 32768, "backend": 14}}, {"pk": 15, "model": "calculator.frequencyresolution", "fields": {"windows": [], "bandwidth": 10.0, "max_number_channels": 32768, "backend": 14}}, {"pk": 16, "model": "calculator.frequencyresolution", "fields": {"windows": [], "bandwidth": 5.0, "max_number_channels": 32768, "backend": 14}}, {"pk": 17, "model": "calculator.frequencyresolution", "fields": {"windows": [], "bandwidth": 1.0, "max_number_channels": 32768, "backend": 14}}, {"pk": 18, "model": "calculator.frequencyresolution", "fields": {"windows": [5, 6], "bandwidth": 30.0, "max_number_channels": 4096, "backend": 14}}, {"pk": 19, "model": "calculator.frequencyresolution", "fields": {"windows": [5, 6], "bandwidth": 15.0, "max_number_channels": 4096, "backend": 14}}, {"pk": 20, "model": "calculator.frequencyresolution", "fields": {"windows": [5, 6], "bandwidth": 10.0, "max_number_channels": 4096, "backend": 14}}, {"pk": 21, "model": "calculator.frequencyresolution", "fields": {"windows": [5, 6], "bandwidth": 5.0, "max_number_channels": 4096, "backend": 14}}, {"pk": 22, "model": "calculator.frequencyresolution", "fields": {"windows": [5, 6], "bandwidth": 1.0, "max_number_channels": 4096, "backend": 14}}, {"pk": 1, "model": "calculator.weathervalues", "fields": {"attenuation": 1.0075000000000001, "eta_dss": 0.97499999999999998, "frequency": 0, "t_atm": 270.47840000000002, "est0_mustang": null, "tau0": 0.0066, "eta_surf": 1.0, "t_rcvr": 7.0, "eta_track": 1.0, "attenuation_mustang": null, "est0": 19.8904, "t_rcvr_mustang": null, "eta_track_mustang": null}}, {"pk": 2, "model": "calculator.weathervalues", "fields": {"attenuation": 1.0075000000000001, "eta_dss": 0.97440000000000004, "frequency": 1, "t_atm": 270.47840000000002, "est0_mustang": null, "tau0": 0.0066, "eta_surf": 1.0, "t_rcvr": 7.0, "eta_track": 0.99980000000000002, "attenuation_mustang": null, "est0": 19.8904, "t_rcvr_mustang": null, "eta_track_mustang": null}}, {"pk": 3, "model": "calculator.weathervalues", "fields": {"attenuation": 1.0076000000000001, "eta_dss": 0.97240000000000004, "frequency": 2, "t_atm": 270.47840000000002, "est0_mustang": null, "tau0": 0.0066, "eta_surf": 1.0, "t_rcvr": 7.0, "eta_track": 0.99909999999999999, "attenuation_mustang": null, "est0": 19.8904, "t_rcvr_mustang": null, "eta_track_mustang": null}}, {"pk": 4, "model": "calculator.weathervalues", "fields": {"attenuation": 1.0081, "eta_dss": 0.96899999999999997, "frequency": 3, "t_atm": 268.47579999999999, "est0_mustang": null, "tau0": 0.0070000000000000001, "eta_surf": 0.99990000000000001, "t_rcvr": 7.0, "eta_track": 0.998, "attenuation_mustang": null, "est0": 19.991299999999999, "t_rcvr_mustang": null, "eta_track_mustang": null}}, {"pk": 5, "model": "calculator.weathervalues", "fields": {"attenuation": 1.0086999999999999, "eta_dss": 0.96389999999999998, "frequency": 4, "t_atm": 266.71600000000001, "est0_mustang": null, "tau0": 0.0073000000000000001, "eta_surf": 0.99980000000000002, "t_rcvr": 7.0, "eta_track": 0.99650000000000005, "attenuation_mustang": null, "est0": 22.915800000000001, "t_rcvr_mustang": null, "eta_track_mustang": null}}, {"pk": 6, "model": "calculator.weathervalues", "fields": {"attenuation": 1.0089999999999999, "eta_dss": 0.95679999999999998, "frequency": 5, "t_atm": 255.21969999999999, "est0_mustang": null, "tau0": 0.0077999999999999996, "eta_surf": 0.99970000000000003, "t_rcvr": 7.3600000000000003, "eta_track": 0.99480000000000002, "attenuation_mustang": null, "est0": 15.4396, "t_rcvr_mustang": null, "eta_track_mustang": null}}, {"pk": 7, "model": "calculator.weathervalues", "fields": {"attenuation": 1.0095000000000001, "eta_dss": 0.94740000000000002, "frequency": 6, "t_atm": 255.33760000000001, "est0_mustang": null, "tau0": 0.0080000000000000002, "eta_surf": 0.99960000000000004, "t_rcvr": 8.6371000000000002, "eta_track": 0.99299999999999999, "attenuation_mustang": null, "est0": 16.781500000000001, "t_rcvr_mustang": null, "eta_track_mustang": null}}, {"pk": 8, "model": "calculator.weathervalues", "fields": {"attenuation": 1.0104, "eta_dss": 0.93540000000000001, "frequency": 7, "t_atm": 255.46629999999999, "est0_mustang": null, "tau0": 0.0082000000000000007, "eta_surf": 0.99939999999999996, "t_rcvr": 12.0, "eta_track": 0.99119999999999997, "attenuation_mustang": null, "est0": 20.226900000000001, "t_rcvr_mustang": null, "eta_track_mustang": null}}, {"pk": 9, "model": "calculator.weathervalues", "fields": {"attenuation": 1.0124, "eta_dss": 0.92049999999999998, "frequency": 8, "t_atm": 255.61009999999999, "est0_mustang": null, "tau0": 0.0085000000000000006, "eta_surf": 0.99919999999999998, "t_rcvr": 21.564299999999999, "eta_track": 0.98950000000000005, "attenuation_mustang": null, "est0": 29.9559, "t_rcvr_mustang": null, "eta_track_mustang": null}}, {"pk": 10, "model": "calculator.weathervalues", "fields": {"attenuation": 1.0123, "eta_dss": 0.90269999999999995, "frequency": 9, "t_atm": 255.77209999999999, "est0_mustang": null, "tau0": 0.0086999999999999994, "eta_surf": 0.999, "t_rcvr": 12.849, "eta_track": 0.98780000000000001, "attenuation_mustang": null, "est0": 21.2224, "t_rcvr_mustang": null, "eta_track_mustang": null}}, {"pk": 11, "model": "calculator.weathervalues", "fields": {"attenuation": 1.0132000000000001, "eta_dss": 0.88200000000000001, "frequency": 10, "t_atm": 255.95570000000001, "est0_mustang": null, "tau0": 0.0091000000000000004, "eta_surf": 0.99880000000000002, "t_rcvr": 10.943300000000001, "eta_track": 0.98619999999999997, "attenuation_mustang": null, "est0": 19.410599999999999, "t_rcvr_mustang": null, "eta_track_mustang": null}}, {"pk": 12, "model": "calculator.weathervalues", "fields": {"attenuation": 1.0155000000000001, "eta_dss": 0.85840000000000005, "frequency": 11, "t_atm": 256.84620000000001, "est0_mustang": null, "tau0": 0.0094000000000000004, "eta_surf": 0.99850000000000005, "t_rcvr": 15.1548, "eta_track": 0.98460000000000003, "attenuation_mustang": null, "est0": 23.751999999999999, "t_rcvr_mustang": null, "eta_track_mustang": null}}, {"pk": 13, "model": "calculator.weathervalues", "fields": {"attenuation": 1.0197000000000001, "eta_dss": 0.83240000000000003, "frequency": 12, "t_atm": 248.90889999999999, "est0_mustang": null, "tau0": 0.0101, "eta_surf": 0.99829999999999997, "t_rcvr": 21.6919, "eta_track": 0.98319999999999996, "attenuation_mustang": null, "est0": 30.4693, "t_rcvr_mustang": null, "eta_track_mustang": null}}, {"pk": 14, "model": "calculator.weathervalues", "fields": {"attenuation": 1.0188999999999999, "eta_dss": 0.80430000000000001, "frequency": 13, "t_atm": 248.99289999999999, "est0_mustang": null, "tau0": 0.010500000000000001, "eta_surf": 0.998, "t_rcvr": 12.453799999999999, "eta_track": 0.9819, "attenuation_mustang": null, "est0": 21.245100000000001, "t_rcvr_mustang": null, "eta_track_mustang": null}}, {"pk": 15, "model": "calculator.weathervalues", "fields": {"attenuation": 1.0201, "eta_dss": 0.77480000000000004, "frequency": 14, "t_atm": 249.09790000000001, "est0_mustang": null, "tau0": 0.010999999999999999, "eta_surf": 0.99760000000000004, "t_rcvr": 10.339499999999999, "eta_track": 0.98070000000000002, "attenuation_mustang": null, "est0": 19.2422, "t_rcvr_mustang": null, "eta_track_mustang": null}}, {"pk": 16, "model": "calculator.weathervalues", "fields": {"attenuation": 1.0216000000000001, "eta_dss": 0.74460000000000004, "frequency": 15, "t_atm": 249.23339999999999, "est0_mustang": null, "tau0": 0.011599999999999999, "eta_surf": 0.99729999999999996, "t_rcvr": 8.8671000000000006, "eta_track": 0.97950000000000004, "attenuation_mustang": null, "est0": 17.913499999999999, "t_rcvr_mustang": null, "eta_track_mustang": null}}, {"pk": 17, "model": "calculator.weathervalues", "fields": {"attenuation": 1.0262, "eta_dss": 0.71450000000000002, "frequency": 16, "t_atm": 246.06020000000001, "est0_mustang": null, "tau0": 0.0124, "eta_surf": 0.99690000000000001, "t_rcvr": 12.0, "eta_track": 0.97840000000000005, "attenuation_mustang": null, "est0": 21.257300000000001, "t_rcvr_mustang": null, "eta_track_mustang": null}}, {"pk": 18, "model": "calculator.weathervalues", "fields": {"attenuation": 1.0289999999999999, "eta_dss": 0.68540000000000001, "frequency": 17, "t_atm": 246.1506, "est0_mustang": null, "tau0": 0.013100000000000001, "eta_surf": 0.99650000000000005, "t_rcvr": 12.0, "eta_track": 0.97740000000000005, "attenuation_mustang": null, "est0": 21.4436, "t_rcvr_mustang": null, "eta_track_mustang": null}}, {"pk": 19, "model": "calculator.weathervalues", "fields": {"attenuation": 1.0524, "eta_dss": 0.65810000000000002, "frequency": 18, "t_atm": 246.28280000000001, "est0_mustang": null, "tau0": 0.013899999999999999, "eta_surf": 0.99609999999999999, "t_rcvr": 41.693300000000001, "eta_track": 0.97650000000000003, "attenuation_mustang": null, "est0": 51.766100000000002, "t_rcvr_mustang": null, "eta_track_mustang": null}}, {"pk": 20, "model": "calculator.weathervalues", "fields": {"attenuation": 1.0414000000000001, "eta_dss": 0.63339999999999996, "frequency": 19, "t_atm": 246.47649999999999, "est0_mustang": null, "tau0": 0.014999999999999999, "eta_surf": 0.99560000000000004, "t_rcvr": 19.654299999999999, "eta_track": 0.97560000000000002, "attenuation_mustang": null, "est0": 29.721699999999998, "t_rcvr_mustang": null, "eta_track_mustang": null}}, {"pk": 21, "model": "calculator.weathervalues", "fields": {"attenuation": 1.0437000000000001, "eta_dss": 0.61209999999999998, "frequency": 20, "t_atm": 246.7372, "est0_mustang": null, "tau0": 0.016500000000000001, "eta_surf": 0.99519999999999997, "t_rcvr": 17.4862, "eta_track": 0.9748, "attenuation_mustang": null, "est0": 27.931999999999999, "t_rcvr_mustang": null, "eta_track_mustang": null}}, {"pk": 22, "model": "calculator.weathervalues", "fields": {"attenuation": 1.0469999999999999, "eta_dss": 0.59450000000000003, "frequency": 21, "t_atm": 246.94059999999999, "est0_mustang": null, "tau0": 0.018599999999999998, "eta_surf": 0.99470000000000003, "t_rcvr": 16.203299999999999, "eta_track": 0.97399999999999998, "attenuation_mustang": null, "est0": 27.1999, "t_rcvr_mustang": null, "eta_track_mustang": null}}, {"pk": 23, "model": "calculator.weathervalues", "fields": {"attenuation": 1.0525, "eta_dss": 0.58120000000000005, "frequency": 22, "t_atm": 245.16050000000001, "est0_mustang": null, "tau0": 0.021299999999999999, "eta_surf": 0.99419999999999997, "t_rcvr": 16.557099999999998, "eta_track": 0.97330000000000005, "attenuation_mustang": null, "est0": 28.2561, "t_rcvr_mustang": null, "eta_track_mustang": null}}, {"pk": 24, "model": "calculator.weathervalues", "fields": {"attenuation": 1.0585, "eta_dss": 0.57230000000000003, "frequency": 23, "t_atm": 246.8648, "est0_mustang": null, "tau0": 0.021899999999999999, "eta_surf": 0.99360000000000004, "t_rcvr": 20.859000000000002, "eta_track": 0.97260000000000002, "attenuation_mustang": null, "est0": 32.853200000000001, "t_rcvr_mustang": null, "eta_track_mustang": null}}, {"pk": 25, "model": "calculator.weathervalues", "fields": {"attenuation": 1.0577000000000001, "eta_dss": 0.56789999999999996, "frequency": 24, "t_atm": 246.98689999999999, "est0_mustang": null, "tau0": 0.021600000000000001, "eta_surf": 0.99299999999999999, "t_rcvr": 19.9633, "eta_track": 0.97199999999999998, "attenuation_mustang": null, "est0": 31.857700000000001, "t_rcvr_mustang": null, "eta_track_mustang": null}}, {"pk": 26, "model": "calculator.weathervalues", "fields": {"attenuation": 1.0621, "eta_dss": 0.56779999999999997, "frequency": 25, "t_atm": 246.75620000000001, "est0_mustang": null, "tau0": 0.021700000000000001, "eta_surf": 0.99250000000000005, "t_rcvr": 24.284800000000001, "eta_track": 0.97140000000000004, "attenuation_mustang": null, "est0": 36.296500000000002, "t_rcvr_mustang": null, "eta_track_mustang": null}}, {"pk": 27, "model": "calculator.weathervalues", "fields": {"attenuation": 1.0629999999999999, "eta_dss": 0.57169999999999999, "frequency": 26, "t_atm": 246.542, "est0_mustang": null, "tau0": 0.022200000000000001, "eta_surf": 0.9919, "t_rcvr": 25.274999999999999, "eta_track": 0.9708, "attenuation_mustang": null, "est0": 37.444200000000002, "t_rcvr_mustang": null, "eta_track_mustang": null}}, {"pk": 28, "model": "calculator.weathervalues", "fields": {"attenuation": 1.0546, "eta_dss": 0.57920000000000005, "frequency": 27, "t_atm": 246.38570000000001, "est0_mustang": null, "tau0": 0.023099999999999999, "eta_surf": 0.99119999999999997, "t_rcvr": 16.600000000000001, "eta_track": 0.97030000000000005, "attenuation_mustang": null, "est0": 28.815799999999999, "t_rcvr_mustang": null, "eta_track_mustang": null}}, {"pk": 29, "model": "calculator.weathervalues", "fields": {"attenuation": 1.0568, "eta_dss": 0.58960000000000001, "frequency": 28, "t_atm": 246.27699999999999, "est0_mustang": null, "tau0": 0.024199999999999999, "eta_surf": 0.99060000000000004, "t_rcvr": 18.77, "eta_track": 0.9698, "attenuation_mustang": null, "est0": 31.335899999999999, "t_rcvr_mustang": null, "eta_track_mustang": null}}, {"pk": 30, "model": "calculator.weathervalues", "fields": {"attenuation": 1.0513999999999999, "eta_dss": 0.60240000000000005, "frequency": 29, "t_atm": 246.20150000000001, "est0_mustang": null, "tau0": 0.025600000000000001, "eta_surf": 0.9899, "t_rcvr": 12.699999999999999, "eta_track": 0.96940000000000004, "attenuation_mustang": null, "est0": 25.491199999999999, "t_rcvr_mustang": null, "eta_track_mustang": null}}, {"pk": 31, "model": "calculator.weathervalues", "fields": {"attenuation": 1.0506, "eta_dss": 0.61680000000000001, "frequency": 30, "t_atm": 246.14869999999999, "est0_mustang": null, "tau0": 0.027300000000000001, "eta_surf": 0.98919999999999997, "t_rcvr": 11.005000000000001, "eta_track": 0.96889999999999998, "attenuation_mustang": null, "est0": 24.204999999999998, "t_rcvr_mustang": null, "eta_track_mustang": null}}, {"pk": 32, "model": "calculator.weathervalues", "fields": {"attenuation": 1.0508, "eta_dss": 0.63219999999999998, "frequency": 31, "t_atm": 246.11150000000001, "est0_mustang": null, "tau0": 0.0292, "eta_surf": 0.98850000000000005, "t_rcvr": 10.07, "eta_track": 0.96850000000000003, "attenuation_mustang": null, "est0": 23.749700000000001, "t_rcvr_mustang": null, "eta_track_mustang": null}}, {"pk": 33, "model": "calculator.weathervalues", "fields": {"attenuation": 1.0569, "eta_dss": 0.64790000000000003, "frequency": 32, "t_atm": 246.0855, "est0_mustang": null, "tau0": 0.031300000000000001, "eta_surf": 0.98770000000000002, "t_rcvr": 16.59, "eta_track": 0.96819999999999995, "attenuation_mustang": null, "est0": 31.037199999999999, "t_rcvr_mustang": null, "eta_track_mustang": null}}, {"pk": 34, "model": "calculator.weathervalues", "fields": {"attenuation": 1.0592999999999999, "eta_dss": 0.66320000000000001, "frequency": 33, "t_atm": 249.45099999999999, "est0_mustang": null, "tau0": 0.033300000000000003, "eta_surf": 0.9869, "t_rcvr": 19.385000000000002, "eta_track": 0.96789999999999998, "attenuation_mustang": null, "est0": 34.589500000000001, "t_rcvr_mustang": null, "eta_track_mustang": null}}, {"pk": 35, "model": "calculator.weathervalues", "fields": {"attenuation": 1.0564, "eta_dss": 0.67769999999999997, "frequency": 34, "t_atm": 249.4067, "est0_mustang": null, "tau0": 0.035900000000000001, "eta_surf": 0.98609999999999998, "t_rcvr": 12.475, "eta_track": 0.96760000000000002, "attenuation_mustang": null, "est0": 28.157, "t_rcvr_mustang": null, "eta_track_mustang": null}}, {"pk": 36, "model": "calculator.weathervalues", "fields": {"attenuation": 1.0666, "eta_dss": 0.69089999999999996, "frequency": 35, "t_atm": 249.374, "est0_mustang": null, "tau0": 0.039, "eta_surf": 0.98529999999999995, "t_rcvr": 25.684999999999999, "eta_track": 0.96730000000000005, "attenuation_mustang": null, "est0": 42.743499999999997, "t_rcvr_mustang": null, "eta_track_mustang": null}}, {"pk": 37, "model": "calculator.weathervalues", "fields": {"attenuation": 1.0683, "eta_dss": 0.70230000000000004, "frequency": 36, "t_atm": 249.35059999999999, "est0_mustang": null, "tau0": 0.0424, "eta_surf": 0.98450000000000004, "t_rcvr": 24.059999999999999, "eta_track": 0.96699999999999997, "attenuation_mustang": null, "est0": 42.031799999999997, "t_rcvr_mustang": null, "eta_track_mustang": null}}, {"pk": 38, "model": "calculator.weathervalues", "fields": {"attenuation": 1.0770999999999999, "eta_dss": 0.71160000000000001, "frequency": 37, "t_atm": 249.33539999999999, "est0_mustang": null, "tau0": 0.046399999999999997, "eta_surf": 0.98360000000000003, "t_rcvr": 34.924999999999997, "eta_track": 0.96679999999999999, "attenuation_mustang": null, "est0": 54.567999999999998, "t_rcvr_mustang": null, "eta_track_mustang": null}}, {"pk": 39, "model": "calculator.weathervalues", "fields": {"attenuation": 1.0814999999999999, "eta_dss": 0.71860000000000002, "frequency": 38, "t_atm": 249.3278, "est0_mustang": null, "tau0": 0.050900000000000001, "eta_surf": 0.98280000000000001, "t_rcvr": 35.119999999999997, "eta_track": 0.96660000000000001, "attenuation_mustang": null, "est0": 56.129899999999999, "t_rcvr_mustang": null, "eta_track_mustang": null}}, {"pk": 40, "model": "calculator.weathervalues", "fields": {"attenuation": 1.0852999999999999, "eta_dss": 0.72309999999999997, "frequency": 39, "t_atm": 249.32759999999999, "est0_mustang": null, "tau0": 0.0562, "eta_surf": 0.9819, "t_rcvr": 31.065000000000001, "eta_track": 0.96640000000000004, "attenuation_mustang": null, "est0": 53.447699999999998, "t_rcvr_mustang": null, "eta_track_mustang": null}}, {"pk": 41, "model": "calculator.weathervalues", "fields": {"attenuation": 1.0989, "eta_dss": 0.72489999999999999, "frequency": 40, "t_atm": 249.33529999999999, "est0_mustang": null, "tau0": 0.062399999999999997, "eta_surf": 0.98089999999999999, "t_rcvr": 46.6004, "eta_track": 0.96630000000000005, "attenuation_mustang": null, "est0": 71.848299999999995, "t_rcvr_mustang": null, "eta_track_mustang": null}}, {"pk": 42, "model": "calculator.weathervalues", "fields": {"attenuation": 1.1043000000000001, "eta_dss": 0.72419999999999995, "frequency": 41, "t_atm": 249.35149999999999, "est0_mustang": null, "tau0": 0.069599999999999995, "eta_surf": 0.97999999999999998, "t_rcvr": 38.247500000000002, "eta_track": 0.96619999999999995, "attenuation_mustang": null, "est0": 65.193700000000007, "t_rcvr_mustang": null, "eta_track_mustang": null}}, {"pk": 43, "model": "calculator.weathervalues", "fields": {"attenuation": 1.1132, "eta_dss": 0.7208, "frequency": 42, "t_atm": 249.37780000000001, "est0_mustang": null, "tau0": 0.078299999999999995, "eta_surf": 0.97899999999999998, "t_rcvr": 33.046700000000001, "eta_track": 0.96609999999999996, "attenuation_mustang": null, "est0": 62.293700000000001, "t_rcvr_mustang": null, "eta_track_mustang": null}}, {"pk": 44, "model": "calculator.weathervalues", "fields": {"attenuation": 1.1284000000000001, "eta_dss": 0.71479999999999999, "frequency": 43, "t_atm": 249.4162, "est0_mustang": null, "tau0": 0.088599999999999998, "eta_surf": 0.97799999999999998, "t_rcvr": 36.327300000000001, "eta_track": 0.96599999999999997, "attenuation_mustang": null, "est0": 69.077500000000001, "t_rcvr_mustang": null, "eta_track_mustang": null}}, {"pk": 45, "model": "calculator.weathervalues", "fields": {"attenuation": 1.1466000000000001, "eta_dss": 0.70650000000000002, "frequency": 44, "t_atm": 249.46950000000001, "est0_mustang": null, "tau0": 0.1013, "eta_surf": 0.97699999999999998, "t_rcvr": 37.407400000000003, "eta_track": 0.96599999999999997, "attenuation_mustang": null, "est0": 74.3108, "t_rcvr_mustang": null, "eta_track_mustang": null}}, {"pk": 46, "model": "calculator.weathervalues", "fields": {"attenuation": 1.167, "eta_dss": 0.69589999999999996, "frequency": 45, "t_atm": 257.15350000000001, "est0_mustang": null, "tau0": 0.114, "eta_surf": 0.97599999999999998, "t_rcvr": 42.977400000000003, "eta_track": 0.96599999999999997, "attenuation_mustang": null, "est0": 85.581100000000006, "t_rcvr_mustang": null, "eta_track_mustang": null}}, {"pk": 47, "model": "calculator.weathervalues", "fields": {"attenuation": 1.1931, "eta_dss": 0.6835, "frequency": 46, "t_atm": 256.9212, "est0_mustang": null, "tau0": 0.13289999999999999, "eta_surf": 0.97489999999999999, "t_rcvr": 39.093200000000003, "eta_track": 0.96599999999999997, "attenuation_mustang": null, "est0": 87.593800000000002, "t_rcvr_mustang": null, "eta_track_mustang": null}}, {"pk": 48, "model": "calculator.weathervalues", "fields": {"attenuation": 1.2336, "eta_dss": 0.66949999999999998, "frequency": 47, "t_atm": 256.96960000000001, "est0_mustang": null, "tau0": 0.157, "eta_surf": 0.97389999999999999, "t_rcvr": 47.165399999999998, "eta_track": 0.96609999999999996, "attenuation_mustang": null, "est0": 105.377, "t_rcvr_mustang": null, "eta_track_mustang": null}}, {"pk": 49, "model": "calculator.weathervalues", "fields": {"attenuation": 1.2845, "eta_dss": 0.65449999999999997, "frequency": 48, "t_atm": 257.07159999999999, "est0_mustang": null, "tau0": 0.189, "eta_surf": 0.9728, "t_rcvr": 48.783299999999997, "eta_track": 0.96609999999999996, "attenuation_mustang": null, "est0": 119.0378, "t_rcvr_mustang": null, "eta_track_mustang": null}}, {"pk": 50, "model": "calculator.weathervalues", "fields": {"attenuation": 1.3646, "eta_dss": 0.63880000000000003, "frequency": 49, "t_atm": 257.25810000000001, "est0_mustang": null, "tau0": 0.23319999999999999, "eta_surf": 0.97170000000000001, "t_rcvr": 64.758300000000006, "eta_track": 0.96630000000000005, "attenuation_mustang": null, "est0": 156.11869999999999, "t_rcvr_mustang": null, "eta_track_mustang": null}}, {"pk": 51, "model": "calculator.weathervalues", "fields": {"attenuation": 1.4986999999999999, "eta_dss": 0.62319999999999998, "frequency": 50, "t_atm": 257.5881, "est0_mustang": null, "tau0": 0.29830000000000001, "eta_surf": 0.97050000000000003, "t_rcvr": 113.2944, "eta_track": 0.96640000000000004, "attenuation_mustang": null, "est0": 249.2432, "t_rcvr_mustang": null, "eta_track_mustang": null}}, {"pk": 52, "model": "calculator.weathervalues", "fields": {"attenuation": 1.5996999999999999, "eta_dss": 0.5, "frequency": 51, "t_atm": 258.0992, "est0_mustang": null, "tau0": 0.30919999999999997, "eta_surf": 1.0, "t_rcvr": 75.0, "eta_track": 0.9708, "attenuation_mustang": null, "est0": 202.78039999999999, "t_rcvr_mustang": null, "eta_track_mustang": null}}, {"pk": 53, "model": "calculator.weathervalues", "fields": {"attenuation": 1.5996999999999999, "eta_dss": 0.5, "frequency": 52, "t_atm": 258.0992, "est0_mustang": null, "tau0": 0.30919999999999997, "eta_surf": 1.0, "t_rcvr": 75.0, "eta_track": 0.9708, "attenuation_mustang": null, "est0": 202.78039999999999, "t_rcvr_mustang": null, "eta_track_mustang": null}}, {"pk": 54, "model": "calculator.weathervalues", "fields": {"attenuation": 1.5996999999999999, "eta_dss": 0.5, "frequency": 53, "t_atm": 258.0992, "est0_mustang": null, "tau0": 0.30919999999999997, "eta_surf": 1.0, "t_rcvr": 75.0, "eta_track": 0.9708, "attenuation_mustang": null, "est0": 202.78039999999999, "t_rcvr_mustang": null, "eta_track_mustang": null}}, {"pk": 55, "model": "calculator.weathervalues", "fields": {"attenuation": 1.5996999999999999, "eta_dss": 0.5, "frequency": 54, "t_atm": 258.0992, "est0_mustang": null, "tau0": 0.30919999999999997, "eta_surf": 1.0, "t_rcvr": 75.0, "eta_track": 0.9708, "attenuation_mustang": null, "est0": 202.78039999999999, "t_rcvr_mustang": null, "eta_track_mustang": null}}, {"pk": 56, "model": "calculator.weathervalues", "fields": {"attenuation": 1.5996999999999999, "eta_dss": 0.5, "frequency": 55, "t_atm": 258.0992, "est0_mustang": null, "tau0": 0.30919999999999997, "eta_surf": 1.0, "t_rcvr": 75.0, "eta_track": 0.9708, "attenuation_mustang": null, "est0": 202.78039999999999, "t_rcvr_mustang": null, "eta_track_mustang": null}}, {"pk": 57, "model": "calculator.weathervalues", "fields": {"attenuation": 1.5996999999999999, "eta_dss": 0.5, "frequency": 56, "t_atm": 258.0992, "est0_mustang": null, "tau0": 0.30919999999999997, "eta_surf": 1.0, "t_rcvr": 75.0, "eta_track": 0.9708, "attenuation_mustang": null, "est0": 202.78039999999999, "t_rcvr_mustang": null, "eta_track_mustang": null}}, {"pk": 58, "model": "calculator.weathervalues", "fields": {"attenuation": 1.5996999999999999, "eta_dss": 0.5, "frequency": 57, "t_atm": 258.0992, "est0_mustang": null, "tau0": 0.30919999999999997, "eta_surf": 1.0, "t_rcvr": 75.0, "eta_track": 0.9708, "attenuation_mustang": null, "est0": 202.78039999999999, "t_rcvr_mustang": null, "eta_track_mustang": null}}, {"pk": 59, "model": "calculator.weathervalues", "fields": {"attenuation": 1.5996999999999999, "eta_dss": 0.5, "frequency": 58, "t_atm": 258.0992, "est0_mustang": null, "tau0": 0.30919999999999997, "eta_surf": 1.0, "t_rcvr": 75.0, "eta_track": 0.9708, "attenuation_mustang": null, "est0": 202.78039999999999, "t_rcvr_mustang": null, "eta_track_mustang": null}}, {"pk": 60, "model": "calculator.weathervalues", "fields": {"attenuation": 1.5996999999999999, "eta_dss": 0.5, "frequency": 59, "t_atm": 258.0992, "est0_mustang": null, "tau0": 0.30919999999999997, "eta_surf": 1.0, "t_rcvr": 75.0, "eta_track": 0.9708, "attenuation_mustang": null, "est0": 202.78039999999999, "t_rcvr_mustang": null, "eta_track_mustang": null}}, {"pk": 61, "model": "calculator.weathervalues", "fields": {"attenuation": 1.5996999999999999, "eta_dss": 0.5, "frequency": 60, "t_atm": 258.0992, "est0_mustang": null, "tau0": 0.30919999999999997, "eta_surf": 1.0, "t_rcvr": 75.0, "eta_track": 0.9708, "attenuation_mustang": null, "est0": 202.78039999999999, "t_rcvr_mustang": null, "eta_track_mustang": null}}, {"pk": 62, "model": "calculator.weathervalues", "fields": {"attenuation": 1.5996999999999999, "eta_dss": 0.5, "frequency": 61, "t_atm": 258.0992, "est0_mustang": null, "tau0": 0.30919999999999997, "eta_surf": 1.0, "t_rcvr": 75.0, "eta_track": 0.9708, "attenuation_mustang": null, "est0": 202.78039999999999, "t_rcvr_mustang": null, "eta_track_mustang": null}}, {"pk": 63, "model": "calculator.weathervalues", "fields": {"attenuation": 1.5996999999999999, "eta_dss": 0.5, "frequency": 62, "t_atm": 258.0992, "est0_mustang": null, "tau0": 0.30919999999999997, "eta_surf": 1.0, "t_rcvr": 75.0, "eta_track": 0.9708, "attenuation_mustang": null, "est0": 202.78039999999999, "t_rcvr_mustang": null, "eta_track_mustang": null}}, {"pk": 64, "model": "calculator.weathervalues", "fields": {"attenuation": 1.5996999999999999, "eta_dss": 0.5, "frequency": 63, "t_atm": 258.0992, "est0_mustang": null, "tau0": 0.30919999999999997, "eta_surf": 1.0, "t_rcvr": 75.0, "eta_track": 0.9708, "attenuation_mustang": null, "est0": 202.78039999999999, "t_rcvr_mustang": null, "eta_track_mustang": null}}, {"pk": 65, "model": "calculator.weathervalues", "fields": {"attenuation": 1.5996999999999999, "eta_dss": 0.5, "frequency": 64, "t_atm": 258.0992, "est0_mustang": null, "tau0": 0.30919999999999997, "eta_surf": 1.0, "t_rcvr": 75.0, "eta_track": 0.9708, "attenuation_mustang": null, "est0": 202.78039999999999, "t_rcvr_mustang": null, "eta_track_mustang": null}}, {"pk": 66, "model": "calculator.weathervalues", "fields": {"attenuation": 1.5996999999999999, "eta_dss": 0.5, "frequency": 65, "t_atm": 258.0992, "est0_mustang": null, "tau0": 0.30919999999999997, "eta_surf": 1.0, "t_rcvr": 75.0, "eta_track": 0.9708, "attenuation_mustang": null, "est0": 202.78039999999999, "t_rcvr_mustang": null, "eta_track_mustang": null}}, {"pk": 67, "model": "calculator.weathervalues", "fields": {"attenuation": 1.5996999999999999, "eta_dss": 0.5, "frequency": 66, "t_atm": 258.0992, "est0_mustang": null, "tau0": 0.30919999999999997, "eta_surf": 1.0, "t_rcvr": 75.0, "eta_track": 0.9708, "attenuation_mustang": null, "est0": 202.78039999999999, "t_rcvr_mustang": null, "eta_track_mustang": null}}, {"pk": 68, "model": "calculator.weathervalues", "fields": {"attenuation": 1.5996999999999999, "eta_dss": 0.5, "frequency": 67, "t_atm": 258.0992, "est0_mustang": null, "tau0": 0.30919999999999997, "eta_surf": 1.0, "t_rcvr": 75.0, "eta_track": 0.9708, "attenuation_mustang": null, "est0": 202.78039999999999, "t_rcvr_mustang": null, "eta_track_mustang": null}}, {"pk": 69, "model": "calculator.weathervalues", "fields": {"attenuation": 1.5996999999999999, "eta_dss": 0.5, "frequency": 68, "t_atm": 258.0992, "est0_mustang": null, "tau0": 0.30919999999999997, "eta_surf": 1.0, "t_rcvr": 75.0, "eta_track": 0.9708, "attenuation_mustang": null, "est0": 202.78039999999999, "t_rcvr_mustang": null, "eta_track_mustang": null}}, {"pk": 70, "model": "calculator.weathervalues", "fields": {"attenuation": 1.5996999999999999, "eta_dss": 0.5, "frequency": 69, "t_atm": 258.0992, "est0_mustang": null, "tau0": 0.30919999999999997, "eta_surf": 1.0, "t_rcvr": 75.0, "eta_track": 0.9708, "attenuation_mustang": null, "est0": 202.78039999999999, "t_rcvr_mustang": null, "eta_track_mustang": null}}, {"pk": 71, "model": "calculator.weathervalues", "fields": {"attenuation": 1.5996999999999999, "eta_dss": 0.5, "frequency": 70, "t_atm": 258.0992, "est0_mustang": null, "tau0": 0.30919999999999997, "eta_surf": 1.0, "t_rcvr": 75.0, "eta_track": 0.9708, "attenuation_mustang": null, "est0": 202.78039999999999, "t_rcvr_mustang": null, "eta_track_mustang": null}}, {"pk": 72, "model": "calculator.weathervalues", "fields": {"attenuation": 1.5057, "eta_dss": 0.5, "frequency": 71, "t_atm": 260.39060000000001, "est0_mustang": null, "tau0": 0.25869999999999999, "eta_surf": 1.0, "t_rcvr": 75.0, "eta_track": 0.97119999999999995, "attenuation_mustang": null, "est0": 180.90819999999999, "t_rcvr_mustang": null, "eta_track_mustang": null}}, {"pk": 73, "model": "calculator.weathervalues", "fields": {"attenuation": 1.4162999999999999, "eta_dss": 0.5, "frequency": 72, "t_atm": 262.68189999999998, "est0_mustang": null, "tau0": 0.2082, "eta_surf": 1.0, "t_rcvr": 75.0, "eta_track": 0.97160000000000002, "attenuation_mustang": null, "est0": 159.85400000000001, "t_rcvr_mustang": null, "eta_track_mustang": null}}, {"pk": 74, "model": "calculator.weathervalues", "fields": {"attenuation": 1.3763000000000001, "eta_dss": 0.5, "frequency": 73, "t_atm": 256.57459999999998, "est0_mustang": null, "tau0": 0.1835, "eta_surf": 1.0, "t_rcvr": 75.0, "eta_track": 0.97189999999999999, "attenuation_mustang": null, "est0": 148.38829999999999, "t_rcvr_mustang": null, "eta_track_mustang": null}}, {"pk": 75, "model": "calculator.weathervalues", "fields": {"attenuation": 1.3372999999999999, "eta_dss": 0.5, "frequency": 74, "t_atm": 250.46729999999999, "est0_mustang": null, "tau0": 0.1588, "eta_surf": 1.0, "t_rcvr": 75.0, "eta_track": 0.97230000000000005, "attenuation_mustang": null, "est0": 137.53039999999999, "t_rcvr_mustang": null, "eta_track_mustang": null}}, {"pk": 76, "model": "calculator.weathervalues", "fields": {"attenuation": 1.3090999999999999, "eta_dss": 0.5, "frequency": 75, "t_atm": 250.4974, "est0_mustang": null, "tau0": 0.1414, "eta_surf": 1.0, "t_rcvr": 75.0, "eta_track": 0.97270000000000001, "attenuation_mustang": null, "est0": 130.875, "t_rcvr_mustang": null, "eta_track_mustang": null}}, {"pk": 77, "model": "calculator.weathervalues", "fields": {"attenuation": 1.2814000000000001, "eta_dss": 0.5, "frequency": 76, "t_atm": 250.5274, "est0_mustang": null, "tau0": 0.1239, "eta_surf": 1.0, "t_rcvr": 75.0, "eta_track": 0.97309999999999997, "attenuation_mustang": null, "est0": 124.3336, "t_rcvr_mustang": null, "eta_track_mustang": null}}, {"pk": 78, "model": "calculator.weathervalues", "fields": {"attenuation": 1.2635000000000001, "eta_dss": 0.5, "frequency": 77, "t_atm": 250.5958, "est0_mustang": null, "tau0": 0.1124, "eta_surf": 1.0, "t_rcvr": 75.0, "eta_track": 0.97360000000000002, "attenuation_mustang": null, "est0": 120.1083, "t_rcvr_mustang": null, "eta_track_mustang": null}}, {"pk": 79, "model": "calculator.weathervalues", "fields": {"attenuation": 1.2459, "eta_dss": 0.5, "frequency": 78, "t_atm": 250.66409999999999, "est0_mustang": null, "tau0": 0.10100000000000001, "eta_surf": 1.0, "t_rcvr": 75.0, "eta_track": 0.97399999999999998, "attenuation_mustang": null, "est0": 115.9293, "t_rcvr_mustang": null, "eta_track_mustang": null}}, {"pk": 80, "model": "calculator.weathervalues", "fields": {"attenuation": 1.2349000000000001, "eta_dss": 0.5, "frequency": 79, "t_atm": 248.8794, "est0_mustang": null, "tau0": 0.0935, "eta_surf": 1.0, "t_rcvr": 75.0, "eta_track": 0.97440000000000004, "attenuation_mustang": null, "est0": 113.0197, "t_rcvr_mustang": null, "eta_track_mustang": null}}, {"pk": 81, "model": "calculator.weathervalues", "fields": {"attenuation": 1.224, "eta_dss": 0.5, "frequency": 80, "t_atm": 247.09479999999999, "est0_mustang": null, "tau0": 0.085900000000000004, "eta_surf": 1.0, "t_rcvr": 75.0, "eta_track": 0.97489999999999999, "attenuation_mustang": null, "est0": 110.1601, "t_rcvr_mustang": null, "eta_track_mustang": null}}, {"pk": 82, "model": "calculator.weathervalues", "fields": {"attenuation": 1.2149000000000001, "eta_dss": 0.5, "frequency": 81, "t_atm": 247.14109999999999, "est0_mustang": null, "tau0": 0.079899999999999999, "eta_surf": 1.0, "t_rcvr": 75.0, "eta_track": 0.97540000000000004, "attenuation_mustang": null, "est0": 108.02719999999999, "t_rcvr_mustang": null, "eta_track_mustang": null}}, {"pk": 83, "model": "calculator.weathervalues", "fields": {"attenuation": 1.2059, "eta_dss": 0.5, "frequency": 82, "t_atm": 247.18729999999999, "est0_mustang": null, "tau0": 0.073800000000000004, "eta_surf": 1.0, "t_rcvr": 75.0, "eta_track": 0.97589999999999999, "attenuation_mustang": null, "est0": 105.9066, "t_rcvr_mustang": null, "eta_track_mustang": null}}, {"pk": 84, "model": "calculator.weathervalues", "fields": {"attenuation": 1.1994, "eta_dss": 0.5, "frequency": 83, "t_atm": 247.23750000000001, "est0_mustang": null, "tau0": 0.069400000000000003, "eta_surf": 1.0, "t_rcvr": 75.0, "eta_track": 0.97629999999999995, "attenuation_mustang": null, "est0": 104.3732, "t_rcvr_mustang": null, "eta_track_mustang": null}}, {"pk": 85, "model": "calculator.weathervalues", "fields": {"attenuation": 1.1929000000000001, "eta_dss": 0.5, "frequency": 84, "t_atm": 247.2877, "est0_mustang": null, "tau0": 0.065000000000000002, "eta_surf": 1.0, "t_rcvr": 75.0, "eta_track": 0.9768, "attenuation_mustang": null, "est0": 102.846, "t_rcvr_mustang": null, "eta_track_mustang": null}}, {"pk": 86, "model": "calculator.weathervalues", "fields": {"attenuation": 1.1808000000000001, "eta_dss": 0.5, "frequency": 85, "t_atm": 247.33840000000001, "est0_mustang": null, "tau0": 0.061699999999999998, "eta_surf": 1.0, "t_rcvr": 75.0, "eta_track": 0.97740000000000005, "attenuation_mustang": null, "est0": 100.0, "t_rcvr_mustang": null, "eta_track_mustang": null}}, {"pk": 87, "model": "calculator.weathervalues", "fields": {"attenuation": 1.177, "eta_dss": 0.5, "frequency": 86, "t_atm": 247.38919999999999, "est0_mustang": 148.2748, "tau0": 0.058400000000000001, "eta_surf": 1.0, "t_rcvr": 75.0, "eta_track": 0.97999999999999998, "attenuation_mustang": 1.1942999999999999, "est0": 99.0, "t_rcvr_mustang": 120.0, "eta_track_mustang": 0.89119999999999999}}, {"pk": 88, "model": "calculator.weathervalues", "fields": {"attenuation": 1.177, "eta_dss": 0.5, "frequency": 87, "t_atm": 247.4376, "est0_mustang": 147.3168, "tau0": 0.056000000000000001, "eta_surf": 1.0, "t_rcvr": 75.0, "eta_track": 0.97999999999999998, "attenuation_mustang": 1.1908000000000001, "est0": 99.0, "t_rcvr_mustang": 120.0, "eta_track_mustang": 0.89119999999999999}}, {"pk": 89, "model": "calculator.weathervalues", "fields": {"attenuation": 1.1727000000000001, "eta_dss": 0.5, "frequency": 88, "t_atm": 247.48599999999999, "est0_mustang": 146.36080000000001, "tau0": 0.053499999999999999, "eta_surf": 1.0, "t_rcvr": 75.0, "eta_track": 0.97999999999999998, "attenuation_mustang": 1.1873, "est0": 98.0, "t_rcvr_mustang": 120.0, "eta_track_mustang": 0.8911}}, {"pk": 90, "model": "calculator.weathervalues", "fields": {"attenuation": 1.1726000000000001, "eta_dss": 0.5, "frequency": 89, "t_atm": 247.5291, "est0_mustang": 145.6797, "tau0": 0.051700000000000003, "eta_surf": 1.0, "t_rcvr": 75.0, "eta_track": 0.97999999999999998, "attenuation_mustang": 1.1848000000000001, "est0": 98.0, "t_rcvr_mustang": 120.0, "eta_track_mustang": 0.8911}}, {"pk": 91, "model": "calculator.weathervalues", "fields": {"attenuation": 1.1726000000000001, "eta_dss": 0.5, "frequency": 90, "t_atm": 247.57220000000001, "est0_mustang": 144.99959999999999, "tau0": 0.050000000000000003, "eta_surf": 1.0, "t_rcvr": 75.0, "eta_track": 0.97999999999999998, "attenuation_mustang": 1.1823999999999999, "est0": 98.0, "t_rcvr_mustang": 120.0, "eta_track_mustang": 0.8911}}, {"pk": 92, "model": "calculator.weathervalues", "fields": {"attenuation": 1.1682999999999999, "eta_dss": 0.5, "frequency": 91, "t_atm": 247.6071, "est0_mustang": 144.5147, "tau0": 0.048800000000000003, "eta_surf": 1.0, "t_rcvr": 75.0, "eta_track": 0.97999999999999998, "attenuation_mustang": 1.1806000000000001, "est0": 97.0, "t_rcvr_mustang": 120.0, "eta_track_mustang": 0.8911}}, {"pk": 93, "model": "calculator.weathervalues", "fields": {"attenuation": 1.1682999999999999, "eta_dss": 0.5, "frequency": 92, "t_atm": 247.642, "est0_mustang": 144.03030000000001, "tau0": 0.047500000000000001, "eta_surf": 1.0, "t_rcvr": 75.0, "eta_track": 0.97999999999999998, "attenuation_mustang": 1.1788000000000001, "est0": 97.0, "t_rcvr_mustang": 120.0, "eta_track_mustang": 0.8911}}, {"pk": 94, "model": "calculator.weathervalues", "fields": {"attenuation": 1.1687000000000001, "eta_dss": 0.5, "frequency": 93, "t_atm": 247.66569999999999, "est0_mustang": null, "tau0": 0.046800000000000001, "eta_surf": 1.0, "t_rcvr": 75.0, "eta_track": 0.9819, "attenuation_mustang": null, "est0": 97.0, "t_rcvr_mustang": null, "eta_track_mustang": null}}, {"pk": 95, "model": "calculator.weathervalues", "fields": {"attenuation": 1.1658999999999999, "eta_dss": 0.5, "frequency": 94, "t_atm": 247.68940000000001, "est0_mustang": null, "tau0": 0.045999999999999999, "eta_surf": 1.0, "t_rcvr": 75.0, "eta_track": 0.98250000000000004, "attenuation_mustang": null, "est0": 96.331599999999995, "t_rcvr_mustang": null, "eta_track_mustang": null}}, {"pk": 96, "model": "calculator.weathervalues", "fields": {"attenuation": 1.1656, "eta_dss": 0.5, "frequency": 95, "t_atm": 247.69890000000001, "est0_mustang": null, "tau0": 0.045699999999999998, "eta_surf": 1.0, "t_rcvr": 75.0, "eta_track": 0.98309999999999997, "attenuation_mustang": null, "est0": 96.229799999999997, "t_rcvr_mustang": null, "eta_track_mustang": null}}, {"pk": 97, "model": "calculator.weathervalues", "fields": {"attenuation": 1.1653, "eta_dss": 0.5, "frequency": 96, "t_atm": 247.70840000000001, "est0_mustang": null, "tau0": 0.045400000000000003, "eta_surf": 1.0, "t_rcvr": 75.0, "eta_track": 0.98380000000000001, "attenuation_mustang": null, "est0": 96.128, "t_rcvr_mustang": null, "eta_track_mustang": null}}, {"pk": 98, "model": "calculator.weathervalues", "fields": {"attenuation": 1.1656, "eta_dss": 0.5, "frequency": 97, "t_atm": 247.70050000000001, "est0_mustang": null, "tau0": 0.045600000000000002, "eta_surf": 1.0, "t_rcvr": 75.0, "eta_track": 0.98440000000000005, "attenuation_mustang": null, "est0": 96.178700000000006, "t_rcvr_mustang": null, "eta_track_mustang": null}}, {"pk": 99, "model": "calculator.weathervalues", "fields": {"attenuation": 1.1659999999999999, "eta_dss": 0.5, "frequency": 98, "t_atm": 247.6927, "est0_mustang": null, "tau0": 0.045699999999999998, "eta_surf": 1.0, "t_rcvr": 75.0, "eta_track": 0.98509999999999998, "attenuation_mustang": null, "est0": 96.229500000000002, "t_rcvr_mustang": null, "eta_track_mustang": null}}, {"pk": 100, "model": "calculator.weathervalues", "fields": {"attenuation": 1.1672, "eta_dss": 0.5, "frequency": 99, "t_atm": 247.6644, "est0_mustang": null, "tau0": 0.046399999999999997, "eta_surf": 1.0, "t_rcvr": 75.0, "eta_track": 0.98570000000000002, "attenuation_mustang": null, "est0": 96.466899999999995, "t_rcvr_mustang": null, "eta_track_mustang": null}}, {"pk": 101, "model": "calculator.weathervalues", "fields": {"attenuation": 1.1684000000000001, "eta_dss": 0.5, "frequency": 100, "t_atm": 247.6361, "est0_mustang": null, "tau0": 0.047100000000000003, "eta_surf": 1.0, "t_rcvr": 75.0, "eta_track": 0.98640000000000005, "attenuation_mustang": null, "est0": 96.704400000000007, "t_rcvr_mustang": null, "eta_track_mustang": null}}, {"pk": 102, "model": "calculator.weathervalues", "fields": {"attenuation": 1.1706000000000001, "eta_dss": 0.5, "frequency": 101, "t_atm": 247.58459999999999, "est0_mustang": null, "tau0": 0.048500000000000001, "eta_surf": 1.0, "t_rcvr": 75.0, "eta_track": 0.98709999999999998, "attenuation_mustang": null, "est0": 97.180000000000007, "t_rcvr_mustang": null, "eta_track_mustang": null}}, {"pk": 103, "model": "calculator.weathervalues", "fields": {"attenuation": 1.1728000000000001, "eta_dss": 0.5, "frequency": 102, "t_atm": 247.53309999999999, "est0_mustang": null, "tau0": 0.0499, "eta_surf": 1.0, "t_rcvr": 75.0, "eta_track": 0.98780000000000001, "attenuation_mustang": null, "est0": 97.656199999999998, "t_rcvr_mustang": null, "eta_track_mustang": null}}, {"pk": 104, "model": "calculator.weathervalues", "fields": {"attenuation": 1.1763999999999999, "eta_dss": 0.5, "frequency": 103, "t_atm": 247.45609999999999, "est0_mustang": null, "tau0": 0.052200000000000003, "eta_surf": 1.0, "t_rcvr": 75.0, "eta_track": 0.98850000000000005, "attenuation_mustang": null, "est0": 98.439999999999998, "t_rcvr_mustang": null, "eta_track_mustang": null}}, {"pk": 105, "model": "calculator.weathervalues", "fields": {"attenuation": 1.1799999999999999, "eta_dss": 0.5, "frequency": 104, "t_atm": 247.37899999999999, "est0_mustang": null, "tau0": 0.0545, "eta_surf": 1.0, "t_rcvr": 75.0, "eta_track": 0.98929999999999996, "attenuation_mustang": null, "est0": 99.225300000000004, "t_rcvr_mustang": null, "eta_track_mustang": null}}, {"pk": 106, "model": "calculator.weathervalues", "fields": {"attenuation": 1.1859, "eta_dss": 0.5, "frequency": 105, "t_atm": 247.2758, "est0_mustang": null, "tau0": 0.058299999999999998, "eta_surf": 1.0, "t_rcvr": 75.0, "eta_track": 0.98999999999999999, "attenuation_mustang": null, "est0": 100.5273, "t_rcvr_mustang": null, "eta_track_mustang": null}}, {"pk": 107, "model": "calculator.weathervalues", "fields": {"attenuation": 1.1917, "eta_dss": 0.5, "frequency": 106, "t_atm": 247.17259999999999, "est0_mustang": null, "tau0": 0.062100000000000002, "eta_surf": 1.0, "t_rcvr": 75.0, "eta_track": 0.99080000000000001, "attenuation_mustang": null, "est0": 101.8334, "t_rcvr_mustang": null, "eta_track_mustang": null}}, {"pk": 108, "model": "calculator.weathervalues", "fields": {"attenuation": 1.2015, "eta_dss": 0.5, "frequency": 107, "t_atm": 247.0454, "est0_mustang": null, "tau0": 0.068400000000000002, "eta_surf": 1.0, "t_rcvr": 75.0, "eta_track": 0.99150000000000005, "attenuation_mustang": null, "est0": 104.02849999999999, "t_rcvr_mustang": null, "eta_track_mustang": null}}, {"pk": 109, "model": "calculator.weathervalues", "fields": {"attenuation": 1.2113, "eta_dss": 0.5, "frequency": 108, "t_atm": 246.91829999999999, "est0_mustang": null, "tau0": 0.074800000000000005, "eta_surf": 1.0, "t_rcvr": 75.0, "eta_track": 0.99229999999999996, "attenuation_mustang": null, "est0": 106.2359, "t_rcvr_mustang": null, "eta_track_mustang": null}}, {"pk": 110, "model": "calculator.weathervalues", "fields": {"attenuation": 1.2286999999999999, "eta_dss": 0.5, "frequency": 109, "t_atm": 246.77529999999999, "est0_mustang": null, "tau0": 0.086099999999999996, "eta_surf": 1.0, "t_rcvr": 75.0, "eta_track": 0.99309999999999998, "attenuation_mustang": null, "est0": 110.1846, "t_rcvr_mustang": null, "eta_track_mustang": null}}, {"pk": 111, "model": "calculator.weathervalues", "fields": {"attenuation": 1.2464, "eta_dss": 0.5, "frequency": 110, "t_atm": 246.63229999999999, "est0_mustang": null, "tau0": 0.097299999999999998, "eta_surf": 1.0, "t_rcvr": 75.0, "eta_track": 0.99390000000000001, "attenuation_mustang": null, "est0": 114.17449999999999, "t_rcvr_mustang": null, "eta_track_mustang": null}}, {"pk": 112, "model": "calculator.weathervalues", "fields": {"attenuation": 1.2818000000000001, "eta_dss": 0.5, "frequency": 111, "t_atm": 246.4931, "est0_mustang": null, "tau0": 0.1197, "eta_surf": 1.0, "t_rcvr": 75.0, "eta_track": 0.99470000000000003, "attenuation_mustang": null, "est0": 122.2621, "t_rcvr_mustang": null, "eta_track_mustang": null}}, {"pk": 113, "model": "calculator.weathervalues", "fields": {"attenuation": 1.3181, "eta_dss": 0.5, "frequency": 112, "t_atm": 246.35380000000001, "est0_mustang": null, "tau0": 0.1421, "eta_surf": 1.0, "t_rcvr": 75.0, "eta_track": 0.99560000000000004, "attenuation_mustang": null, "est0": 130.52619999999999, "t_rcvr_mustang": null, "eta_track_mustang": null}}, {"pk": 114, "model": "calculator.weathervalues", "fields": {"attenuation": 1.4033, "eta_dss": 0.5, "frequency": 113, "t_atm": 248.1414, "est0_mustang": null, "tau0": 0.1933, "eta_surf": 1.0, "t_rcvr": 75.0, "eta_track": 0.99639999999999995, "attenuation_mustang": null, "est0": 150.54859999999999, "t_rcvr_mustang": null, "eta_track_mustang": null}}, {"pk": 115, "model": "calculator.weathervalues", "fields": {"attenuation": 1.4930000000000001, "eta_dss": 0.5, "frequency": 114, "t_atm": 249.92910000000001, "est0_mustang": null, "tau0": 0.2445, "eta_surf": 1.0, "t_rcvr": 75.0, "eta_track": 0.99729999999999996, "attenuation_mustang": null, "est0": 171.83070000000001, "t_rcvr_mustang": null, "eta_track_mustang": null}}, {"pk": 116, "model": "calculator.weathervalues", "fields": {"attenuation": 1.8172999999999999, "eta_dss": 0.5, "frequency": 115, "t_atm": 253.5189, "est0_mustang": null, "tau0": 0.41020000000000001, "eta_surf": 1.0, "t_rcvr": 75.0, "eta_track": 0.99819999999999998, "attenuation_mustang": null, "est0": 249.09460000000001, "t_rcvr_mustang": null, "eta_track_mustang": null}}, {"pk": 117, "model": "calculator.weathervalues", "fields": {"attenuation": 2.2004999999999999, "eta_dss": 0.5, "frequency": 116, "t_atm": 257.10879999999997, "est0_mustang": null, "tau0": 0.57579999999999998, "eta_surf": 1.0, "t_rcvr": 75.0, "eta_track": 0.99909999999999999, "attenuation_mustang": null, "est0": 341.8999, "t_rcvr_mustang": null, "eta_track_mustang": null}}, {"pk": 1, "model": "pht.backend", "fields": {"abbreviation": "CCB", "name": "Caltech Continuum Backend"}}, {"pk": 2, "model": "pht.backend", "fields": {"abbreviation": "CGSR2", "name": "Caltech-Green Bank-Swinbourne Recorder 2"}}, {"pk": 3, "model": "pht.backend", "fields": {"abbreviation": "DCR", "name": "GBT Digital Continuum Receiver"}}, {"pk": 4, "model": "pht.backend", "fields": {"abbreviation": "gbtSpec", "name": "GBT Spectrometer"}}, {"pk": 5, "model": "pht.backend", "fields": {"abbreviation": "GASP", "name": "Green Bank Astronomical Signal Processor"}}, {"pk": 6, "model": "pht.backend", "fields": {"abbreviation": "GUPPY", "name": "Green bank Ultimate Pulsar Processor"}}, {"pk": 7, "model": "pht.backend", "fields": {"abbreviation": "HayMark4", "name": "Haystack Mark 4 High bandwidth (> 1Gb/s)"}}, {"pk": 8, "model": "pht.backend", "fields": {"abbreviation": "Mark5", "name": "Mark 5 recorder (disks)"}}, {"pk": 9, "model": "pht.backend", "fields": {"abbreviation": "Mustang", "name": "Mustang"}}, {"pk": 10, "model": "pht.backend", "fields": {"abbreviation": "Radar", "name": "Radar backend"}}, {"pk": 11, "model": "pht.backend", "fields": {"abbreviation": "gbtS2", "name": "S2 recorder"}}, {"pk": 12, "model": "pht.backend", "fields": {"abbreviation": "gbtSpecP", "name": "Spectral Processor"}}, {"pk": 13, "model": "pht.backend", "fields": {"abbreviation": "Vegas", "name": "VErsitile GB Astronomical Spectrometer "}}, {"pk": 14, "model": "pht.backend", "fields": {"abbreviation": "gbtVLBA", "name": "VLBA recorder and DAR "}}, {"pk": 15, "model": "pht.backend", "fields": {"abbreviation": "Zpect", "name": "Zpectrometer "}}, {"pk": 16, "model": "pht.backend", "fields": {"abbreviation": "Other", "name": "User supplied or new backend "}}, {"pk": 1, "model": "pht.observingtype", "fields": {"type": "Spectroscopy"}}, {"pk": 2, "model": "pht.observingtype", "fields": {"type": "Single Pointing(s)"}}, {"pk": 3, "model": "pht.observingtype", "fields": {"type": "Continuum"}}, {"pk": 4, "model": "pht.observingtype", "fields": {"type": "Planetary Radar"}}, {"pk": 5, "model": "pht.observingtype", "fields": {"type": "Triggered Transient"}}, {"pk": 6, "model": "pht.observingtype", "fields": {"type": "Polarmetry"}}, {"pk": 7, "model": "pht.observingtype", "fields": {"type": "Monitoring"}}, {"pk": 8, "model": "pht.observingtype", "fields": {"type": "Grid Mapping/Mosaicing"}}, {"pk": 9, "model": "pht.observingtype", "fields": {"type": "Pulsar"}}, {"pk": 10, "model": "pht.observingtype", "fields": {"type": "Solar"}}, {"pk": 11, "model": "pht.observingtype", "fields": {"type": "High Time Resolution"}}, {"pk": 12, "model": "pht.observingtype", "fields": {"type": "On-the-Fly Mapping"}}, {"pk": 13, "model": "pht.observingtype", "fields": {"type": "Phase Referencing"}}, {"pk": 14, "model": "pht.observingtype", "fields": {"type": "Solar System"}}, {"pk": 15, "model": "pht.observingtype", "fields": {"type": "Astrometry"}}, {"pk": 16, "model": "pht.observingtype", "fields": {"type": "Radar"}}, {"pk": 17, "model": "pht.observingtype", "fields": {"type": "Sun"}}, {"pk": 18, "model": "pht.observingtype", "fields": {"type": "Other"}}, {"pk": 19, "model": "pht.observingtype", "fields": {"type": "Geodesy"}}, {"pk": 1, "model": "pht.parameter", "fields": {"type": "float", "name": "LST Include Low"}}, {"pk": 2, "model": "pht.parameter", "fields": {"type": "float", "name": "LST Include Hi"}}, {"pk": 3, "model": "pht.parameter", "fields": {"type": "float", "name": "LST Exclude Low"}}, {"pk": 4, "model": "pht.parameter", "fields": {"type": "float", "name": "LST Exclude Hi"}}, {"pk": 1, "model": "pht.scientificcategory", "fields": {"category": "Extragalactic"}}, {"pk": 2, "model": "pht.scientificcategory", "fields": {"category": "Galactic"}}, {"pk": 3, "model": "pht.scientificcategory", "fields": {"category": "Stellar"}}, {"pk": 4, "model": "pht.scientificcategory", "fields": {"category": "Solar System"}}, {"pk": 5, "model": "pht.scientificcategory", "fields": {"category": "Astrometry/Geodesy"}}, {"pk": 6, "model": "pht.scientificcategory", "fields": {"category": "Extragalactic Structure"}}, {"pk": 7, "model": "pht.scientificcategory", "fields": {"category": "Normal Galaxies; Groups; and Clusters"}}, {"pk": 8, "model": "pht.scientificcategory", "fields": {"category": "Energetic Transients and Pulsars"}}, {"pk": 9, "model": "pht.scientificcategory", "fields": {"category": "Solar System; Stars; Planetary Systems"}}, {"pk": 10, "model": "pht.scientificcategory", "fields": {"category": "Star Formation"}}, {"pk": 11, "model": "pht.scientificcategory", "fields": {"category": "Interstellar Medium"}}, {"pk": 12, "model": "pht.scientificcategory", "fields": {"category": "High Redshift and Source Surveys"}}, {"pk": 13, "model": "pht.scientificcategory", "fields": {"category": "Active Galactic Nuclei"}}, {"pk": 1, "model": "pht.semester", "fields": {"semester": "09A"}}, {"pk": 2, "model": "pht.semester", "fields": {"semester": "09B"}}, {"pk": 3, "model": "pht.semester", "fields": {"semester": "09C"}}, {"pk": 4, "model": "pht.semester", "fields": {"semester": "08A"}}, {"pk": 5, "model": "pht.semester", "fields": {"semester": "08B"}}, {"pk": 6, "model": "pht.semester", "fields": {"semester": "08C"}}, {"pk": 7, "model": "pht.semester", "fields": {"semester": "07A"}}, {"pk": 8, "model": "pht.semester", "fields": {"semester": "07B"}}, {"pk": 9, "model": "pht.semester", "fields": {"semester": "07C"}}, {"pk": 10, "model": "pht.semester", "fields": {"semester": "06A"}}, {"pk": 11, "model": "pht.semester", "fields": {"semester": "06B"}}, {"pk": 12, "model": "pht.semester", "fields": {"semester": "06C"}}, {"pk": 13, "model": "pht.semester", "fields": {"semester": "05A"}}, {"pk": 14, "model": "pht.semester", "fields": {"semester": "05B"}}, {"pk": 15, "model": "pht.semester", "fields": {"semester": "05C"}}, {"pk": 16, "model": "pht.semester", "fields": {"semester": "04A"}}, {"pk": 17, "model": "pht.semester", "fields": {"semester": "10A"}}, {"pk": 18, "model": "pht.semester", "fields": {"semester": "10B"}}, {"pk": 19, "model": "pht.semester", "fields": {"semester": "10C"}}, {"pk": 20, "model": "pht.semester", "fields": {"semester": "11A"}}, {"pk": 21, "model": "pht.semester", "fields": {"semester": "11B"}}, {"pk": 22, "model": "pht.semester", "fields": {"semester": "12A"}}, {"pk": 23, "model": "pht.semester", "fields": {"semester": "12B"}}, {"pk": 1, "model": "pht.status", "fields": {"name": "Draft"}}, {"pk": 2, "model": "pht.status", "fields": {"name": "Submitted"}}, {"pk": 3, "model": "pht.status", "fields": {"name": "Withdraw"}}, {"pk": 1, "model": "pht.proposaltype", "fields": {"type": "Regular"}}, {"pk": 2, "model": "pht.proposaltype", "fields": {"type": "Rapid Response"}}, {"pk": 3, "model": "pht.proposaltype", "fields": {"type": "Large"}}, {"pk": 4, "model": "pht.proposaltype", "fields": {"type": "Triggered"}}, {"pk": 5, "model": "pht.proposaltype", "fields": {"type": "Director's Discretionary Time"}}, {"pk": 1, "model": "pht.receiver", "fields": {"abbreviation": "NS", "freq_hi": 0.0, "name": "NoiseSource", "freq_low": 0.0}}, {"pk": 2, "model": "pht.receiver", "fields": {"abbreviation": "RRI", "freq_hi": 1.6000000000000001, "name": "Rcvr_RRI", "freq_low": 0.10000000000000001}}, {"pk": 3, "model": "pht.receiver", "fields": {"abbreviation": "342", "freq_hi": 0.39500000000000002, "name": "Rcvr_342", "freq_low": 0.28999999999999998}}, {"pk": 4, "model": "pht.receiver", "fields": {"abbreviation": "450", "freq_hi": 0.52000000000000002, "name": "Rcvr_450", "freq_low": 0.38500000000000001}}, {"pk": 5, "model": "pht.receiver", "fields": {"abbreviation": "600", "freq_hi": 0.68999999999999995, "name": "Rcvr_600", "freq_low": 0.51000000000000001}}, {"pk": 6, "model": "pht.receiver", "fields": {"abbreviation": "800", "freq_hi": 0.92000000000000004, "name": "Rcvr_800", "freq_low": 0.68000000000000005}}, {"pk": 7, "model": "pht.receiver", "fields": {"abbreviation": "1070", "freq_hi": 1.23, "name": "Rcvr_1070", "freq_low": 0.91000000000000003}}, {"pk": 8, "model": "pht.receiver", "fields": {"abbreviation": "L", "freq_hi": 1.73, "name": "Rcvr1_2", "freq_low": 1.1499999999999999}}, {"pk": 9, "model": "pht.receiver", "fields": {"abbreviation": "S", "freq_hi": 2.6000000000000001, "name": "Rcvr2_3", "freq_low": 1.73}}, {"pk": 10, "model": "pht.receiver", "fields": {"abbreviation": "C", "freq_hi": 6.0999999999999996, "name": "Rcvr4_6", "freq_low": 3.9500000000000002}}, {"pk": 11, "model": "pht.receiver", "fields": {"abbreviation": "X", "freq_hi": 10.0, "name": "Rcvr8_10", "freq_low": 8.0}}, {"pk": 12, "model": "pht.receiver", "fields": {"abbreviation": "Ku", "freq_hi": 15.4, "name": "Rcvr12_18", "freq_low": 12.0}}, {"pk": 13, "model": "pht.receiver", "fields": {"abbreviation": "K", "freq_hi": 26.5, "name": "Rcvr18_26", "freq_low": 18.0}}, {"pk": 14, "model": "pht.receiver", "fields": {"abbreviation": "Ka", "freq_hi": 39.5, "name": "Rcvr26_40", "freq_low": 26.0}}, {"pk": 15, "model": "pht.receiver", "fields": {"abbreviation": "Q", "freq_hi": 49.799999999999997, "name": "Rcvr40_52", "freq_low": 38.200000000000003}}, {"pk": 16, "model": "pht.receiver", "fields": {"abbreviation": "MBA", "freq_hi": 100.0, "name": "Rcvr_PAR", "freq_low": 80.0}}, {"pk": 17, "model": "pht.receiver", "fields": {"abbreviation": "Z", "freq_hi": 0.0, "name": "Zpectrometer", "freq_low": 0.0}}, {"pk": 18, "model": "pht.receiver", "fields": {"abbreviation": "Hol", "freq_hi": 12.199999999999999, "name": "Holography", "freq_low": 11.699999999999999}}, {"pk": 19, "model": "pht.receiver", "fields": {"abbreviation": "KFPA", "freq_hi": 27.5, "name": "RcvrArray18_26", "freq_low": 17.0}}, {"pk": 20, "model": "pht.receiver", "fields": {"abbreviation": "W", "freq_hi": 92.0, "name": "Rcvr68_92", "freq_low": 68.0}}, {"pk": 1, "model": "pht.sessionseparation", "fields": {"separation": "day"}}, {"pk": 2, "model": "pht.sessionseparation", "fields": {"separation": "week"}}, {"pk": 1, "model": "pht.sessiontype", "fields": {"abbreviation": "LF", "type": "Open - Low Freq"}}, {"pk": 2, "model": "pht.sessiontype", "fields": {"abbreviation": "HF1", "type": "Open - High Freq 1"}}, {"pk": 3, "model": "pht.sessiontype", "fields": {"abbreviation": "HF2", "type": "Open - High Freq 2"}}, {"pk": 4, "model": "pht.sessiontype", "fields": {"abbreviation": "F", "type": "Fixed"}}, {"pk": 5, "model": "pht.sessiontype", "fields": {"abbreviation": "W", "type": "Windowed"}}, {"pk": 6, "model": "pht.sessiontype", "fields": {"abbreviation": "E", "type": "Elective"}}, {"pk": 1, "model": "pht.sessiongrade", "fields": {"grade": "A"}}, {"pk": 2, "model": "pht.sessiongrade", "fields": {"grade": "B"}}, {"pk": 3, "model": "pht.sessiongrade", "fields": {"grade": "C"}}, {"pk": 4, "model": "pht.sessiongrade", "fields": {"grade": "D"}}, {"pk": 5, "model": "pht.sessiongrade", "fields": {"grade": "H"}}, {"pk": 1, "model": "pht.sourceconvention", "fields": {"convention": "Radio"}}, {"pk": 2, "model": "pht.sourceconvention", "fields": {"convention": "Optical"}}, {"pk": 3, "model": "pht.sourceconvention", "fields": {"convention": "Redshift"}}, {"pk": 1, "model": "pht.sourcecoordinateepoch", "fields": {"epoch": "J2000"}}, {"pk": 2, "model": "pht.sourcecoordinateepoch", "fields": {"epoch": "B1950"}}, {"pk": 1, "model": "pht.sourcecoordinatesystem", "fields": {"system": "Equatorial"}}, {"pk": 2, "model": "pht.sourcecoordinatesystem", "fields": {"system": "Galactic"}}, {"pk": 1, "model": "pht.sourcereferenceframe", "fields": {"frame": "LSRK"}}, {"pk": 2, "model": "pht.sourcereferenceframe", "fields": {"frame": "Barycentric"}}, {"pk": 3, "model": "pht.sourcereferenceframe", "fields": {"frame": "Topocentric"}}, {"pk": 4, "model": "pht.sourcereferenceframe", "fields": {"frame": "LSRD"}}, {"pk": 5, "model": "pht.sourcereferenceframe", "fields": {"frame": "Heliocentric"}}, {"pk": 6, "model": "pht.sourcereferenceframe", "fields": {"frame": "Galactic"}}, {"pk": 7, "model": "pht.sourcereferenceframe", "fields": {"frame": "CMB"}}, {"pk": 1, "model": "pht.sourcevelocitytype", "fields": {"type": "Velocity"}}, {"pk": 2, "model": "pht.sourcevelocitytype", "fields": {"type": "Redshift"}}, {"pk": 1, "model": "pht.weathertype", "fields": {"type": "Poor"}}, {"pk": 2, "model": "pht.weathertype", "fields": {"type": "Fair"}}, {"pk": 3, "model": "pht.weathertype", "fields": {"type": "Good"}}, {"pk": 4, "model": "pht.weathertype", "fields": {"type": "Excellent"}}, {"pk": 22, "model": "auth.permission", "fields": {"codename": "add_logentry", "name": "Can add log entry", "content_type": 8}}, {"pk": 23, "model": "auth.permission", "fields": {"codename": "change_logentry", "name": "Can change log entry", "content_type": 8}}, {"pk": 24, "model": "auth.permission", "fields": {"codename": "delete_logentry", "name": "Can delete log entry", "content_type": 8}}, {"pk": 4, "model": "auth.permission", "fields": {"codename": "add_group", "name": "Can add group", "content_type": 2}}, {"pk": 5, "model": "auth.permission", "fields": {"codename": "change_group", "name": "Can change group", "content_type": 2}}, {"pk": 6, "model": "auth.permission", "fields": {"codename": "delete_group", "name": "Can delete group", "content_type": 2}}, {"pk": 10, "model": "auth.permission", "fields": {"codename": "add_message", "name": "Can add message", "content_type": 4}}, {"pk": 11, "model": "auth.permission", "fields": {"codename": "change_message", "name": "Can change message", "content_type": 4}}, {"pk": 12, "model": "auth.permission", "fields": {"codename": "delete_message", "name": "Can delete message", "content_type": 4}}, {"pk": 1, "model": "auth.permission", "fields": {"codename": "add_permission", "name": "Can add permission", "content_type": 1}}, {"pk": 2, "model": "auth.permission", "fields": {"codename": "change_permission", "name": "Can change permission", "content_type": 1}}, {"pk": 3, "model": "auth.permission", "fields": {"codename": "delete_permission", "name": "Can delete permission", "content_type": 1}}, {"pk": 7, "model": "auth.permission", "fields": {"codename": "add_user", "name": "Can add user", "content_type": 3}}, {"pk": 8, "model": "auth.permission", "fields": {"codename": "change_user", "name": "Can change user", "content_type": 3}}, {"pk": 9, "model": "auth.permission", "fields": {"codename": "delete_user", "name": "Can delete user", "content_type": 3}}, {"pk": 172, "model": "auth.permission", "fields": {"codename": "add_bandwidth", "name": "Can add bandwidth", "content_type": 58}}, {"pk": 173, "model": "auth.permission", "fields": {"codename": "change_bandwidth", "name": "Can change bandwidth", "content_type": 58}}, {"pk": 174, "model": "auth.permission", "fields": {"codename": "delete_bandwidth", "name": "Can delete bandwidth", "content_type": 58}}, {"pk": 175, "model": "auth.permission", "fields": {"codename": "add_beams", "name": "Can add beams", "content_type": 59}}, {"pk": 176, "model": "auth.permission", "fields": {"codename": "change_beams", "name": "Can change beams", "content_type": 59}}, {"pk": 177, "model": "auth.permission", "fields": {"codename": "delete_beams", "name": "Can delete beams", "content_type": 59}}, {"pk": 169, "model": "auth.permission", "fields": {"codename": "add_calc_backend", "name": "Can add calc_ backend", "content_type": 57}}, {"pk": 170, "model": "auth.permission", "fields": {"codename": "change_calc_backend", "name": "Can change calc_ backend", "content_type": 57}}, {"pk": 171, "model": "auth.permission", "fields": {"codename": "delete_calc_backend", "name": "Can delete calc_ backend", "content_type": 57}}, {"pk": 196, "model": "auth.permission", "fields": {"codename": "add_configuration", "name": "Can add configuration", "content_type": 66}}, {"pk": 197, "model": "auth.permission", "fields": {"codename": "change_configuration", "name": "Can change configuration", "content_type": 66}}, {"pk": 198, "model": "auth.permission", "fields": {"codename": "delete_configuration", "name": "Can delete configuration", "content_type": 66}}, {"pk": 199, "model": "auth.permission", "fields": {"codename": "add_frequencyresolution", "name": "Can add frequency resolution", "content_type": 67}}, {"pk": 200, "model": "auth.permission", "fields": {"codename": "change_frequencyresolution", "name": "Can change frequency resolution", "content_type": 67}}, {"pk": 201, "model": "auth.permission", "fields": {"codename": "delete_frequencyresolution", "name": "Can delete frequency resolution", "content_type": 67}}, {"pk": 193, "model": "auth.permission", "fields": {"codename": "add_integration", "name": "Can add integration", "content_type": 65}}, {"pk": 194, "model": "auth.permission", "fields": {"codename": "change_integration", "name": "Can change integration", "content_type": 65}}, {"pk": 195, "model": "auth.permission", "fields": {"codename": "delete_integration", "name": "Can delete integration", "content_type": 65}}, {"pk": 190, "model": "auth.permission", "fields": {"codename": "add_mode", "name": "Can add mode", "content_type": 64}}, {"pk": 191, "model": "auth.permission", "fields": {"codename": "change_mode", "name": "Can change mode", "content_type": 64}}, {"pk": 192, "model": "auth.permission", "fields": {"codename": "delete_mode", "name": "Can delete mode", "content_type": 64}}, {"pk": 181, "model": "auth.permission", "fields": {"codename": "add_polarization", "name": "Can add polarization", "content_type": 61}}, {"pk": 182, "model": "auth.permission", "fields": {"codename": "change_polarization", "name": "Can change polarization", "content_type": 61}}, {"pk": 183, "model": "auth.permission", "fields": {"codename": "delete_polarization", "name": "Can delete polarization", "content_type": 61}}, {"pk": 184, "model": "auth.permission", "fields": {"codename": "add_receiver", "name": "Can add receiver", "content_type": 62}}, {"pk": 185, "model": "auth.permission", "fields": {"codename": "change_receiver", "name": "Can change receiver", "content_type": 62}}, {"pk": 186, "model": "auth.permission", "fields": {"codename": "delete_receiver", "name": "Can delete receiver", "content_type": 62}}, {"pk": 178, "model": "auth.permission", "fields": {"codename": "add_spectralwindows", "name": "Can add spectral windows", "content_type": 60}}, {"pk": 179, "model": "auth.permission", "fields": {"codename": "change_spectralwindows", "name": "Can change spectral windows", "content_type": 60}}, {"pk": 180, "model": "auth.permission", "fields": {"codename": "delete_spectralwindows", "name": "Can delete spectral windows", "content_type": 60}}, {"pk": 187, "model": "auth.permission", "fields": {"codename": "add_switching", "name": "Can add switching", "content_type": 63}}, {"pk": 188, "model": "auth.permission", "fields": {"codename": "change_switching", "name": "Can change switching", "content_type": 63}}, {"pk": 189, "model": "auth.permission", "fields": {"codename": "delete_switching", "name": "Can delete switching", "content_type": 63}}, {"pk": 205, "model": "auth.permission", "fields": {"codename": "add_tsky", "name": "Can add t sky", "content_type": 69}}, {"pk": 206, "model": "auth.permission", "fields": {"codename": "change_tsky", "name": "Can change t sky", "content_type": 69}}, {"pk": 207, "model": "auth.permission", "fields": {"codename": "delete_tsky", "name": "Can delete t sky", "content_type": 69}}, {"pk": 202, "model": "auth.permission", "fields": {"codename": "add_weathervalues", "name": "Can add weather values", "content_type": 68}}, {"pk": 203, "model": "auth.permission", "fields": {"codename": "change_weathervalues", "name": "Can change weather values", "content_type": 68}}, {"pk": 204, "model": "auth.permission", "fields": {"codename": "delete_weathervalues", "name": "Can delete weather values", "content_type": 68}}, {"pk": 13, "model": "auth.permission", "fields": {"codename": "add_contenttype", "name": "Can add content type", "content_type": 5}}, {"pk": 14, "model": "auth.permission", "fields": {"codename": "change_contenttype", "name": "Can change content type", "content_type": 5}}, {"pk": 15, "model": "auth.permission", "fields": {"codename": "delete_contenttype", "name": "Can delete content type", "content_type": 5}}, {"pk": 208, "model": "auth.permission", "fields": {"codename": "add_allotment", "name": "Can add allotment", "content_type": 70}}, {"pk": 209, "model": "auth.permission", "fields": {"codename": "change_allotment", "name": "Can change allotment", "content_type": 70}}, {"pk": 210, "model": "auth.permission", "fields": {"codename": "delete_allotment", "name": "Can delete allotment", "content_type": 70}}, {"pk": 211, "model": "auth.permission", "fields": {"codename": "add_author", "name": "Can add author", "content_type": 71}}, {"pk": 212, "model": "auth.permission", "fields": {"codename": "change_author", "name": "Can change author", "content_type": 71}}, {"pk": 213, "model": "auth.permission", "fields": {"codename": "delete_author", "name": "Can delete author", "content_type": 71}}, {"pk": 214, "model": "auth.permission", "fields": {"codename": "add_backend", "name": "Can add backend", "content_type": 72}}, {"pk": 215, "model": "auth.permission", "fields": {"codename": "change_backend", "name": "Can change backend", "content_type": 72}}, {"pk": 216, "model": "auth.permission", "fields": {"codename": "delete_backend", "name": "Can delete backend", "content_type": 72}}, {"pk": 217, "model": "auth.permission", "fields": {"codename": "add_observingtype", "name": "Can add observing type", "content_type": 73}}, {"pk": 218, "model": "auth.permission", "fields": {"codename": "change_observingtype", "name": "Can change observing type", "content_type": 73}}, {"pk": 219, "model": "auth.permission", "fields": {"codename": "delete_observingtype", "name": "Can delete observing type", "content_type": 73}}, {"pk": 220, "model": "auth.permission", "fields": {"codename": "add_parameter", "name": "Can add parameter", "content_type": 74}}, {"pk": 221, "model": "auth.permission", "fields": {"codename": "change_parameter", "name": "Can change parameter", "content_type": 74}}, {"pk": 222, "model": "auth.permission", "fields": {"codename": "delete_parameter", "name": "Can delete parameter", "content_type": 74}}, {"pk": 235, "model": "auth.permission", "fields": {"codename": "add_proposal", "name": "Can add proposal", "content_type": 79}}, {"pk": 236, "model": "auth.permission", "fields": {"codename": "change_proposal", "name": "Can change proposal", "content_type": 79}}, {"pk": 237, "model": "auth.permission", "fields": {"codename": "delete_proposal", "name": "Can delete proposal", "content_type": 79}}, {"pk": 232, "model": "auth.permission", "fields": {"codename": "add_proposaltype", "name": "Can add proposal type", "content_type": 78}}, {"pk": 233, "model": "auth.permission", "fields": {"codename": "change_proposaltype", "name": "Can change proposal type", "content_type": 78}}, {"pk": 234, "model": "auth.permission", "fields": {"codename": "delete_proposaltype", "name": "Can delete proposal type", "content_type": 78}}, {"pk": 238, "model": "auth.permission", "fields": {"codename": "add_receiver", "name": "Can add receiver", "content_type": 80}}, {"pk": 239, "model": "auth.permission", "fields": {"codename": "change_receiver", "name": "Can change receiver", "content_type": 80}}, {"pk": 240, "model": "auth.permission", "fields": {"codename": "delete_receiver", "name": "Can delete receiver", "content_type": 80}}, {"pk": 283, "model": "auth.permission", "fields": {"codename": "add_resource", "name": "Can add resource", "content_type": 95}}, {"pk": 284, "model": "auth.permission", "fields": {"codename": "change_resource", "name": "Can change resource", "content_type": 95}}, {"pk": 285, "model": "auth.permission", "fields": {"codename": "delete_resource", "name": "Can delete resource", "content_type": 95}}, {"pk": 280, "model": "auth.permission", "fields": {"codename": "add_resourcegroup", "name": "Can add resource group", "content_type": 94}}, {"pk": 281, "model": "auth.permission", "fields": {"codename": "change_resourcegroup", "name": "Can change resource group", "content_type": 94}}, {"pk": 282, "model": "auth.permission", "fields": {"codename": "delete_resourcegroup", "name": "Can delete resource group", "content_type": 94}}, {"pk": 223, "model": "auth.permission", "fields": {"codename": "add_scientificcategory", "name": "Can add scientific category", "content_type": 75}}, {"pk": 224, "model": "auth.permission", "fields": {"codename": "change_scientificcategory", "name": "Can change scientific category", "content_type": 75}}, {"pk": 225, "model": "auth.permission", "fields": {"codename": "delete_scientificcategory", "name": "Can delete scientific category", "content_type": 75}}, {"pk": 226, "model": "auth.permission", "fields": {"codename": "add_semester", "name": "Can add semester", "content_type": 76}}, {"pk": 227, "model": "auth.permission", "fields": {"codename": "change_semester", "name": "Can change semester", "content_type": 76}}, {"pk": 228, "model": "auth.permission", "fields": {"codename": "delete_semester", "name": "Can delete semester", "content_type": 76}}, {"pk": 277, "model": "auth.permission", "fields": {"codename": "add_session", "name": "Can add session", "content_type": 93}}, {"pk": 278, "model": "auth.permission", "fields": {"codename": "change_session", "name": "Can change session", "content_type": 93}}, {"pk": 279, "model": "auth.permission", "fields": {"codename": "delete_session", "name": "Can delete session", "content_type": 93}}, {"pk": 247, "model": "auth.permission", "fields": {"codename": "add_sessionflags", "name": "Can add session flags", "content_type": 83}}, {"pk": 248, "model": "auth.permission", "fields": {"codename": "change_sessionflags", "name": "Can change session flags", "content_type": 83}}, {"pk": 249, "model": "auth.permission", "fields": {"codename": "delete_sessionflags", "name": "Can delete session flags", "content_type": 83}}, {"pk": 250, "model": "auth.permission", "fields": {"codename": "add_sessiongrade", "name": "Can add session grade", "content_type": 84}}, {"pk": 251, "model": "auth.permission", "fields": {"codename": "change_sessiongrade", "name": "Can change session grade", "content_type": 84}}, {"pk": 252, "model": "auth.permission", "fields": {"codename": "delete_sessiongrade", "name": "Can delete session grade", "content_type": 84}}, {"pk": 286, "model": "auth.permission", "fields": {"codename": "add_sessionparameter", "name": "Can add session parameter", "content_type": 96}}, {"pk": 287, "model": "auth.permission", "fields": {"codename": "change_sessionparameter", "name": "Can change session parameter", "content_type": 96}}, {"pk": 288, "model": "auth.permission", "fields": {"codename": "delete_sessionparameter", "name": "Can delete session parameter", "content_type": 96}}, {"pk": 241, "model": "auth.permission", "fields": {"codename": "add_sessionseparation", "name": "Can add session separation", "content_type": 81}}, {"pk": 242, "model": "auth.permission", "fields": {"codename": "change_sessionseparation", "name": "Can change session separation", "content_type": 81}}, {"pk": 243, "model": "auth.permission", "fields": {"codename": "delete_sessionseparation", "name": "Can delete session separation", "content_type": 81}}, {"pk": 244, "model": "auth.permission", "fields": {"codename": "add_sessiontype", "name": "Can add session type", "content_type": 82}}, {"pk": 245, "model": "auth.permission", "fields": {"codename": "change_sessiontype", "name": "Can change session type", "content_type": 82}}, {"pk": 246, "model": "auth.permission", "fields": {"codename": "delete_sessiontype", "name": "Can delete session type", "content_type": 82}}, {"pk": 268, "model": "auth.permission", "fields": {"codename": "add_source", "name": "Can add source", "content_type": 90}}, {"pk": 269, "model": "auth.permission", "fields": {"codename": "change_source", "name": "Can change source", "content_type": 90}}, {"pk": 270, "model": "auth.permission", "fields": {"codename": "delete_source", "name": "Can delete source", "content_type": 90}}, {"pk": 253, "model": "auth.permission", "fields": {"codename": "add_sourceconvention", "name": "Can add source convention", "content_type": 85}}, {"pk": 254, "model": "auth.permission", "fields": {"codename": "change_sourceconvention", "name": "Can change source convention", "content_type": 85}}, {"pk": 255, "model": "auth.permission", "fields": {"codename": "delete_sourceconvention", "name": "Can delete source convention", "content_type": 85}}, {"pk": 256, "model": "auth.permission", "fields": {"codename": "add_sourcecoordinateepoch", "name": "Can add source coordinate epoch", "content_type": 86}}, {"pk": 257, "model": "auth.permission", "fields": {"codename": "change_sourcecoordinateepoch", "name": "Can change source coordinate epoch", "content_type": 86}}, {"pk": 258, "model": "auth.permission", "fields": {"codename": "delete_sourcecoordinateepoch", "name": "Can delete source coordinate epoch", "content_type": 86}}, {"pk": 259, "model": "auth.permission", "fields": {"codename": "add_sourcecoordinatesystem", "name": "Can add source coordinate system", "content_type": 87}}, {"pk": 260, "model": "auth.permission", "fields": {"codename": "change_sourcecoordinatesystem", "name": "Can change source coordinate system", "content_type": 87}}, {"pk": 261, "model": "auth.permission", "fields": {"codename": "delete_sourcecoordinatesystem", "name": "Can delete source coordinate system", "content_type": 87}}, {"pk": 289, "model": "auth.permission", "fields": {"codename": "add_sourcegroup", "name": "Can add source group", "content_type": 97}}, {"pk": 290, "model": "auth.permission", "fields": {"codename": "change_sourcegroup", "name": "Can change source group", "content_type": 97}}, {"pk": 291, "model": "auth.permission", "fields": {"codename": "delete_sourcegroup", "name": "Can delete source group", "content_type": 97}}, {"pk": 262, "model": "auth.permission", "fields": {"codename": "add_sourcereferenceframe", "name": "Can add source reference frame", "content_type": 88}}, {"pk": 263, "model": "auth.permission", "fields": {"codename": "change_sourcereferenceframe", "name": "Can change source reference frame", "content_type": 88}}, {"pk": 264, "model": "auth.permission", "fields": {"codename": "delete_sourcereferenceframe", "name": "Can delete source reference frame", "content_type": 88}}, {"pk": 265, "model": "auth.permission", "fields": {"codename": "add_sourcevelocitytype", "name": "Can add source velocity type", "content_type": 89}}, {"pk": 266, "model": "auth.permission", "fields": {"codename": "change_sourcevelocitytype", "name": "Can change source velocity type", "content_type": 89}}, {"pk": 267, "model": "auth.permission", "fields": {"codename": "delete_sourcevelocitytype", "name": "Can delete source velocity type", "content_type": 89}}, {"pk": 229, "model": "auth.permission", "fields": {"codename": "add_status", "name": "Can add status", "content_type": 77}}, {"pk": 230, "model": "auth.permission", "fields": {"codename": "change_status", "name": "Can change status", "content_type": 77}}, {"pk": 231, "model": "auth.permission", "fields": {"codename": "delete_status", "name": "Can delete status", "content_type": 77}}, {"pk": 271, "model": "auth.permission", "fields": {"codename": "add_target", "name": "Can add target", "content_type": 91}}, {"pk": 272, "model": "auth.permission", "fields": {"codename": "change_target", "name": "Can change target", "content_type": 91}}, {"pk": 273, "model": "auth.permission", "fields": {"codename": "delete_target", "name": "Can delete target", "content_type": 91}}, {"pk": 274, "model": "auth.permission", "fields": {"codename": "add_weathertype", "name": "Can add weather type", "content_type": 92}}, {"pk": 275, "model": "auth.permission", "fields": {"codename": "change_weathertype", "name": "Can change weather type", "content_type": 92}}, {"pk": 276, "model": "auth.permission", "fields": {"codename": "delete_weathertype", "name": "Can delete weather type", "content_type": 92}}, {"pk": 292, "model": "auth.permission", "fields": {"codename": "add_revision", "name": "Can add revision", "content_type": 98}}, {"pk": 293, "model": "auth.permission", "fields": {"codename": "change_revision", "name": "Can change revision", "content_type": 98}}, {"pk": 294, "model": "auth.permission", "fields": {"codename": "delete_revision", "name": "Can delete revision", "content_type": 98}}, {"pk": 295, "model": "auth.permission", "fields": {"codename": "add_version", "name": "Can add version", "content_type": 99}}, {"pk": 296, "model": "auth.permission", "fields": {"codename": "change_version", "name": "Can change version", "content_type": 99}}, {"pk": 297, "model": "auth.permission", "fields": {"codename": "delete_version", "name": "Can delete version", "content_type": 99}}, {"pk": 25, "model": "auth.permission", "fields": {"codename": "add_allotment", "name": "Can add allotment", "content_type": 9}}, {"pk": 26, "model": "auth.permission", "fields": {"codename": "change_allotment", "name": "Can change allotment", "content_type": 9}}, {"pk": 27, "model": "auth.permission", "fields": {"codename": "delete_allotment", "name": "Can delete allotment", "content_type": 9}}, {"pk": 28, "model": "auth.permission", "fields": {"codename": "add_backend", "name": "Can add backend", "content_type": 10}}, {"pk": 29, "model": "auth.permission", "fields": {"codename": "change_backend", "name": "Can change backend", "content_type": 10}}, {"pk": 30, "model": "auth.permission", "fields": {"codename": "delete_backend", "name": "Can delete backend", "content_type": 10}}, {"pk": 79, "model": "auth.permission", "fields": {"codename": "add_backend_group", "name": "Can add backend_ group", "content_type": 27}}, {"pk": 80, "model": "auth.permission", "fields": {"codename": "change_backend_group", "name": "Can change backend_ group", "content_type": 27}}, {"pk": 81, "model": "auth.permission", "fields": {"codename": "delete_backend_group", "name": "Can delete backend_ group", "content_type": 27}}, {"pk": 88, "model": "auth.permission", "fields": {"codename": "add_blackout", "name": "Can add blackout", "content_type": 30}}, {"pk": 89, "model": "auth.permission", "fields": {"codename": "change_blackout", "name": "Can change blackout", "content_type": 30}}, {"pk": 90, "model": "auth.permission", "fields": {"codename": "delete_blackout", "name": "Can delete blackout", "content_type": 30}}, {"pk": 85, "model": "auth.permission", "fields": {"codename": "add_blackout_sequence", "name": "Can add blackout_ sequence", "content_type": 29}}, {"pk": 86, "model": "auth.permission", "fields": {"codename": "change_blackout_sequence", "name": "Can change blackout_ sequence", "content_type": 29}}, {"pk": 87, "model": "auth.permission", "fields": {"codename": "delete_blackout_sequence", "name": "Can delete blackout_ sequence", "content_type": 29}}, {"pk": 94, "model": "auth.permission", "fields": {"codename": "add_column", "name": "Can add column", "content_type": 32}}, {"pk": 95, "model": "auth.permission", "fields": {"codename": "change_column", "name": "Can change column", "content_type": 32}}, {"pk": 96, "model": "auth.permission", "fields": {"codename": "delete_column", "name": "Can delete column", "content_type": 32}}, {"pk": 103, "model": "auth.permission", "fields": {"codename": "add_elective", "name": "Can add elective", "content_type": 35}}, {"pk": 104, "model": "auth.permission", "fields": {"codename": "change_elective", "name": "Can change elective", "content_type": 35}}, {"pk": 105, "model": "auth.permission", "fields": {"codename": "delete_elective", "name": "Can delete elective", "content_type": 35}}, {"pk": 106, "model": "auth.permission", "fields": {"codename": "add_emailtemplate", "name": "Can add email template", "content_type": 36}}, {"pk": 107, "model": "auth.permission", "fields": {"codename": "change_emailtemplate", "name": "Can change email template", "content_type": 36}}, {"pk": 108, "model": "auth.permission", "fields": {"codename": "delete_emailtemplate", "name": "Can delete email template", "content_type": 36}}, {"pk": 91, "model": "auth.permission", "fields": {"codename": "add_explorerconfiguration", "name": "Can add explorer configuration", "content_type": 31}}, {"pk": 92, "model": "auth.permission", "fields": {"codename": "change_explorerconfiguration", "name": "Can change explorer configuration", "content_type": 31}}, {"pk": 93, "model": "auth.permission", "fields": {"codename": "delete_explorerconfiguration", "name": "Can delete explorer configuration", "content_type": 31}}, {"pk": 109, "model": "auth.permission", "fields": {"codename": "add_filter", "name": "Can add filter", "content_type": 37}}, {"pk": 110, "model": "auth.permission", "fields": {"codename": "change_filter", "name": "Can change filter", "content_type": 37}}, {"pk": 111, "model": "auth.permission", "fields": {"codename": "delete_filter", "name": "Can delete filter", "content_type": 37}}, {"pk": 112, "model": "auth.permission", "fields": {"codename": "add_friend", "name": "Can add friend", "content_type": 38}}, {"pk": 113, "model": "auth.permission", "fields": {"codename": "change_friend", "name": "Can change friend", "content_type": 38}}, {"pk": 114, "model": "auth.permission", "fields": {"codename": "delete_friend", "name": "Can delete friend", "content_type": 38}}, {"pk": 115, "model": "auth.permission", "fields": {"codename": "add_investigator", "name": "Can add investigator", "content_type": 39}}, {"pk": 116, "model": "auth.permission", "fields": {"codename": "change_investigator", "name": "Can change investigator", "content_type": 39}}, {"pk": 117, "model": "auth.permission", "fields": {"codename": "delete_investigator", "name": "Can delete investigator", "content_type": 39}}, {"pk": 118, "model": "auth.permission", "fields": {"codename": "add_observing_parameter", "name": "Can add observing_ parameter", "content_type": 40}}, {"pk": 119, "model": "auth.permission", "fields": {"codename": "change_observing_parameter", "name": "Can change observing_ parameter", "content_type": 40}}, {"pk": 120, "model": "auth.permission", "fields": {"codename": "delete_observing_parameter", "name": "Can delete observing_ parameter", "content_type": 40}}, {"pk": 31, "model": "auth.permission", "fields": {"codename": "add_observing_type", "name": "Can add observing_ type", "content_type": 11}}, {"pk": 32, "model": "auth.permission", "fields": {"codename": "change_observing_type", "name": "Can change observing_ type", "content_type": 11}}, {"pk": 33, "model": "auth.permission", "fields": {"codename": "delete_observing_type", "name": "Can delete observing_ type", "content_type": 11}}, {"pk": 34, "model": "auth.permission", "fields": {"codename": "add_parameter", "name": "Can add parameter", "content_type": 12}}, {"pk": 35, "model": "auth.permission", "fields": {"codename": "change_parameter", "name": "Can change parameter", "content_type": 12}}, {"pk": 36, "model": "auth.permission", "fields": {"codename": "delete_parameter", "name": "Can delete parameter", "content_type": 12}}, {"pk": 100, "model": "auth.permission", "fields": {"codename": "add_period", "name": "Can add period", "content_type": 34}}, {"pk": 101, "model": "auth.permission", "fields": {"codename": "change_period", "name": "Can change period", "content_type": 34}}, {"pk": 102, "model": "auth.permission", "fields": {"codename": "delete_period", "name": "Can delete period", "content_type": 34}}, {"pk": 97, "model": "auth.permission", "fields": {"codename": "add_period_accounting", "name": "Can add period_ accounting", "content_type": 33}}, {"pk": 98, "model": "auth.permission", "fields": {"codename": "change_period_accounting", "name": "Can change period_ accounting", "content_type": 33}}, {"pk": 99, "model": "auth.permission", "fields": {"codename": "delete_period_accounting", "name": "Can delete period_ accounting", "content_type": 33}}, {"pk": 121, "model": "auth.permission", "fields": {"codename": "add_period_receiver", "name": "Can add period_ receiver", "content_type": 41}}, {"pk": 122, "model": "auth.permission", "fields": {"codename": "change_period_receiver", "name": "Can change period_ receiver", "content_type": 41}}, {"pk": 123, "model": "auth.permission", "fields": {"codename": "delete_period_receiver", "name": "Can delete period_ receiver", "content_type": 41}}, {"pk": 61, "model": "auth.permission", "fields": {"codename": "add_period_state", "name": "Can add period_ state", "content_type": 21}}, {"pk": 62, "model": "auth.permission", "fields": {"codename": "change_period_state", "name": "Can change period_ state", "content_type": 21}}, {"pk": 63, "model": "auth.permission", "fields": {"codename": "delete_period_state", "name": "Can delete period_ state", "content_type": 21}}, {"pk": 58, "model": "auth.permission", "fields": {"codename": "add_project", "name": "Can add project", "content_type": 20}}, {"pk": 59, "model": "auth.permission", "fields": {"codename": "change_project", "name": "Can change project", "content_type": 20}}, {"pk": 60, "model": "auth.permission", "fields": {"codename": "delete_project", "name": "Can delete project", "content_type": 20}}, {"pk": 124, "model": "auth.permission", "fields": {"codename": "add_project_allotment", "name": "Can add project_ allotment", "content_type": 42}}, {"pk": 125, "model": "auth.permission", "fields": {"codename": "change_project_allotment", "name": "Can change project_ allotment", "content_type": 42}}, {"pk": 126, "model": "auth.permission", "fields": {"codename": "delete_project_allotment", "name": "Can delete project_ allotment", "content_type": 42}}, {"pk": 37, "model": "auth.permission", "fields": {"codename": "add_project_type", "name": "Can add project_ type", "content_type": 13}}, {"pk": 38, "model": "auth.permission", "fields": {"codename": "change_project_type", "name": "Can change project_ type", "content_type": 13}}, {"pk": 39, "model": "auth.permission", "fields": {"codename": "delete_project_type", "name": "Can delete project_ type", "content_type": 13}}, {"pk": 40, "model": "auth.permission", "fields": {"codename": "add_receiver", "name": "Can add receiver", "content_type": 14}}, {"pk": 41, "model": "auth.permission", "fields": {"codename": "change_receiver", "name": "Can change receiver", "content_type": 14}}, {"pk": 42, "model": "auth.permission", "fields": {"codename": "delete_receiver", "name": "Can delete receiver", "content_type": 14}}, {"pk": 127, "model": "auth.permission", "fields": {"codename": "add_receiver_group", "name": "Can add receiver_ group", "content_type": 43}}, {"pk": 128, "model": "auth.permission", "fields": {"codename": "change_receiver_group", "name": "Can change receiver_ group", "content_type": 43}}, {"pk": 129, "model": "auth.permission", "fields": {"codename": "delete_receiver_group", "name": "Can delete receiver_ group", "content_type": 43}}, {"pk": 43, "model": "auth.permission", "fields": {"codename": "add_receiver_schedule", "name": "Can add receiver_ schedule", "content_type": 15}}, {"pk": 44, "model": "auth.permission", "fields": {"codename": "change_receiver_schedule", "name": "Can change receiver_ schedule", "content_type": 15}}, {"pk": 45, "model": "auth.permission", "fields": {"codename": "delete_receiver_schedule", "name": "Can delete receiver_ schedule", "content_type": 15}}, {"pk": 130, "model": "auth.permission", "fields": {"codename": "add_receiver_temperature", "name": "Can add receiver_ temperature", "content_type": 44}}, {"pk": 131, "model": "auth.permission", "fields": {"codename": "change_receiver_temperature", "name": "Can change receiver_ temperature", "content_type": 44}}, {"pk": 132, "model": "auth.permission", "fields": {"codename": "delete_receiver_temperature", "name": "Can delete receiver_ temperature", "content_type": 44}}, {"pk": 82, "model": "auth.permission", "fields": {"codename": "add_repeat", "name": "Can add repeat", "content_type": 28}}, {"pk": 83, "model": "auth.permission", "fields": {"codename": "change_repeat", "name": "Can change repeat", "content_type": 28}}, {"pk": 84, "model": "auth.permission", "fields": {"codename": "delete_repeat", "name": "Can delete repeat", "content_type": 28}}, {"pk": 52, "model": "auth.permission", "fields": {"codename": "add_reservation", "name": "Can add reservation", "content_type": 18}}, {"pk": 53, "model": "auth.permission", "fields": {"codename": "change_reservation", "name": "Can change reservation", "content_type": 18}}, {"pk": 54, "model": "auth.permission", "fields": {"codename": "delete_reservation", "name": "Can delete reservation", "content_type": 18}}, {"pk": 46, "model": "auth.permission", "fields": {"codename": "add_role", "name": "Can add role", "content_type": 16}}, {"pk": 47, "model": "auth.permission", "fields": {"codename": "change_role", "name": "Can change role", "content_type": 16}}, {"pk": 48, "model": "auth.permission", "fields": {"codename": "delete_role", "name": "Can delete role", "content_type": 16}}, {"pk": 133, "model": "auth.permission", "fields": {"codename": "add_schedule_notification", "name": "Can add schedule_ notification", "content_type": 45}}, {"pk": 134, "model": "auth.permission", "fields": {"codename": "change_schedule_notification", "name": "Can change schedule_ notification", "content_type": 45}}, {"pk": 135, "model": "auth.permission", "fields": {"codename": "delete_schedule_notification", "name": "Can delete schedule_ notification", "content_type": 45}}, {"pk": 55, "model": "auth.permission", "fields": {"codename": "add_semester", "name": "Can add semester", "content_type": 19}}, {"pk": 56, "model": "auth.permission", "fields": {"codename": "change_semester", "name": "Can change semester", "content_type": 19}}, {"pk": 57, "model": "auth.permission", "fields": {"codename": "delete_semester", "name": "Can delete semester", "content_type": 19}}, {"pk": 76, "model": "auth.permission", "fields": {"codename": "add_sesshun", "name": "Can add sesshun", "content_type": 26}}, {"pk": 77, "model": "auth.permission", "fields": {"codename": "change_sesshun", "name": "Can change sesshun", "content_type": 26}}, {"pk": 78, "model": "auth.permission", "fields": {"codename": "delete_sesshun", "name": "Can delete sesshun", "content_type": 26}}, {"pk": 64, "model": "auth.permission", "fields": {"codename": "add_session_type", "name": "Can add session_ type", "content_type": 22}}, {"pk": 65, "model": "auth.permission", "fields": {"codename": "change_session_type", "name": "Can change session_ type", "content_type": 22}}, {"pk": 66, "model": "auth.permission", "fields": {"codename": "delete_session_type", "name": "Can delete session_ type", "content_type": 22}}, {"pk": 67, "model": "auth.permission", "fields": {"codename": "add_status", "name": "Can add status", "content_type": 23}}, {"pk": 68, "model": "auth.permission", "fields": {"codename": "change_status", "name": "Can change status", "content_type": 23}}, {"pk": 69, "model": "auth.permission", "fields": {"codename": "delete_status", "name": "Can delete status", "content_type": 23}}, {"pk": 70, "model": "auth.permission", "fields": {"codename": "add_system", "name": "Can add system", "content_type": 24}}, {"pk": 71, "model": "auth.permission", "fields": {"codename": "change_system", "name": "Can change system", "content_type": 24}}, {"pk": 72, "model": "auth.permission", "fields": {"codename": "delete_system", "name": "Can delete system", "content_type": 24}}, {"pk": 73, "model": "auth.permission", "fields": {"codename": "add_target", "name": "Can add target", "content_type": 25}}, {"pk": 74, "model": "auth.permission", "fields": {"codename": "change_target", "name": "Can change target", "content_type": 25}}, {"pk": 75, "model": "auth.permission", "fields": {"codename": "delete_target", "name": "Can delete target", "content_type": 25}}, {"pk": 136, "model": "auth.permission", "fields": {"codename": "add_timezone", "name": "Can add time zone", "content_type": 46}}, {"pk": 137, "model": "auth.permission", "fields": {"codename": "change_timezone", "name": "Can change time zone", "content_type": 46}}, {"pk": 138, "model": "auth.permission", "fields": {"codename": "delete_timezone", "name": "Can delete time zone", "content_type": 46}}, {"pk": 49, "model": "auth.permission", "fields": {"codename": "add_user", "name": "Can add user", "content_type": 17}}, {"pk": 50, "model": "auth.permission", "fields": {"codename": "change_user", "name": "Can change user", "content_type": 17}}, {"pk": 51, "model": "auth.permission", "fields": {"codename": "delete_user", "name": "Can delete user", "content_type": 17}}, {"pk": 139, "model": "auth.permission", "fields": {"codename": "add_window", "name": "Can add window", "content_type": 47}}, {"pk": 140, "model": "auth.permission", "fields": {"codename": "change_window", "name": "Can change window", "content_type": 47}}, {"pk": 141, "model": "auth.permission", "fields": {"codename": "delete_window", "name": "Can delete window", "content_type": 47}}, {"pk": 142, "model": "auth.permission", "fields": {"codename": "add_windowrange", "name": "Can add window range", "content_type": 48}}, {"pk": 143, "model": "auth.permission", "fields": {"codename": "change_windowrange", "name": "Can change window range", "content_type": 48}}, {"pk": 144, "model": "auth.permission", "fields": {"codename": "delete_windowrange", "name": "Can delete window range", "content_type": 48}}, {"pk": 16, "model": "auth.permission", "fields": {"codename": "add_session", "name": "Can add session", "content_type": 6}}, {"pk": 17, "model": "auth.permission", "fields": {"codename": "change_session", "name": "Can change session", "content_type": 6}}, {"pk": 18, "model": "auth.permission", "fields": {"codename": "delete_session", "name": "Can delete session", "content_type": 6}}, {"pk": 19, "model": "auth.permission", "fields": {"codename": "add_site", "name": "Can add site", "content_type": 7}}, {"pk": 20, "model": "auth.permission", "fields": {"codename": "change_site", "name": "Can change site", "content_type": 7}}, {"pk": 21, "model": "auth.permission", "fields": {"codename": "delete_site", "name": "Can delete site", "content_type": 7}}, {"pk": 163, "model": "auth.permission", "fields": {"codename": "add_maintenance_activity", "name": "Can add maintenance_ activity", "content_type": 55}}, {"pk": 164, "model": "auth.permission", "fields": {"codename": "change_maintenance_activity", "name": "Can change maintenance_ activity", "content_type": 55}}, {"pk": 165, "model": "auth.permission", "fields": {"codename": "delete_maintenance_activity", "name": "Can delete maintenance_ activity", "content_type": 55}}, {"pk": 157, "model": "auth.permission", "fields": {"codename": "add_maintenance_activity_change", "name": "Can add maintenance_ activity_ change", "content_type": 53}}, {"pk": 158, "model": "auth.permission", "fields": {"codename": "change_maintenance_activity_change", "name": "Can change maintenance_ activity_ change", "content_type": 53}}, {"pk": 159, "model": "auth.permission", "fields": {"codename": "delete_maintenance_activity_change", "name": "Can delete maintenance_ activity_ change", "content_type": 53}}, {"pk": 166, "model": "auth.permission", "fields": {"codename": "add_maintenance_activity_group", "name": "Can add maintenance_ activity_ group", "content_type": 56}}, {"pk": 167, "model": "auth.permission", "fields": {"codename": "change_maintenance_activity_group", "name": "Can change maintenance_ activity_ group", "content_type": 56}}, {"pk": 168, "model": "auth.permission", "fields": {"codename": "delete_maintenance_activity_group", "name": "Can delete maintenance_ activity_ group", "content_type": 56}}, {"pk": 154, "model": "auth.permission", "fields": {"codename": "add_maintenance_other_resources", "name": "Can add maintenance_ other_ resources", "content_type": 52}}, {"pk": 155, "model": "auth.permission", "fields": {"codename": "change_maintenance_other_resources", "name": "Can change maintenance_ other_ resources", "content_type": 52}}, {"pk": 156, "model": "auth.permission", "fields": {"codename": "delete_maintenance_other_resources", "name": "Can delete maintenance_ other_ resources", "content_type": 52}}, {"pk": 160, "model": "auth.permission", "fields": {"codename": "add_maintenance_receivers_swap", "name": "Can add maintenance_ receivers_ swap", "content_type": 54}}, {"pk": 161, "model": "auth.permission", "fields": {"codename": "change_maintenance_receivers_swap", "name": "Can change maintenance_ receivers_ swap", "content_type": 54}}, {"pk": 162, "model": "auth.permission", "fields": {"codename": "delete_maintenance_receivers_swap", "name": "Can delete maintenance_ receivers_ swap", "content_type": 54}}, {"pk": 151, "model": "auth.permission", "fields": {"codename": "add_maintenance_software_resources", "name": "Can add maintenance_ software_ resources", "content_type": 51}}, {"pk": 152, "model": "auth.permission", "fields": {"codename": "change_maintenance_software_resources", "name": "Can change maintenance_ software_ resources", "content_type": 51}}, {"pk": 153, "model": "auth.permission", "fields": {"codename": "delete_maintenance_software_resources", "name": "Can delete maintenance_ software_ resources", "content_type": 51}}, {"pk": 148, "model": "auth.permission", "fields": {"codename": "add_maintenance_telescope_resources", "name": "Can add maintenance_ telescope_ resources", "content_type": 50}}, {"pk": 149, "model": "auth.permission", "fields": {"codename": "change_maintenance_telescope_resources", "name": "Can change maintenance_ telescope_ resources", "content_type": 50}}, {"pk": 150, "model": "auth.permission", "fields": {"codename": "delete_maintenance_telescope_resources", "name": "Can delete maintenance_ telescope_ resources", "content_type": 50}}, {"pk": 145, "model": "auth.permission", "fields": {"codename": "add_preference", "name": "Can add preference", "content_type": 49}}, {"pk": 146, "model": "auth.permission", "fields": {"codename": "change_preference", "name": "Can change preference", "content_type": 49}}, {"pk": 147, "model": "auth.permission", "fields": {"codename": "delete_preference", "name": "Can delete preference", "content_type": 49}}]