[{"pk": 1, "model": "calculator.calc_backend", "fields": {"k2": 1.0, "k1": 1.0, "name": "Mustang"}}, {"pk": 2, "model": "calculator.calc_backend", "fields": {"k2": 1.0, "k1": 1.0, "name": "CGSR2"}}, {"pk": 3, "model": "calculator.calc_backend", "fields": {"k2": 1.0, "k1": 1.0, "name": "GASP"}}, {"pk": 4, "model": "calculator.calc_backend", "fields": {"k2": 1.0, "k1": 1.0, "name": "Radar"}}, {"pk": 5, "model": "calculator.calc_backend", "fields": {"k2": 1.0, "k1": 1.0, "name": "CCB"}}, {"pk": 6, "model": "calculator.calc_backend", "fields": {"k2": 1.0, "k1": 1.0, "name": "Mark V"}}, {"pk": 7, "model": "calculator.calc_backend", "fields": {"k2": 1.0, "k1": 1.0, "name": "Spigot"}}, {"pk": 8, "model": "calculator.calc_backend", "fields": {"k2": 1.0, "k1": 1.0, "name": "DCR"}}, {"pk": 9, "model": "calculator.calc_backend", "fields": {"k2": 1.0, "k1": 1.0, "name": "SP"}}, {"pk": 10, "model": "calculator.calc_backend", "fields": {"k2": 0.0, "k1": 0.0, "name": "ACS"}}, {"pk": 11, "model": "calculator.calc_backend", "fields": {"k2": 1.0, "k1": 1.0, "name": "GUPPI"}}, {"pk": 12, "model": "calculator.calc_backend", "fields": {"k2": 1.0, "k1": 1.0, "name": "Other"}}, {"pk": 1, "model": "calculator.bandwidth", "fields": {"name": "NA"}}, {"pk": 2, "model": "calculator.bandwidth", "fields": {"name": "16"}}, {"pk": 3, "model": "calculator.bandwidth", "fields": {"name": "8"}}, {"pk": 4, "model": "calculator.bandwidth", "fields": {"name": "4"}}, {"pk": 5, "model": "calculator.bandwidth", "fields": {"name": "2"}}, {"pk": 6, "model": "calculator.bandwidth", "fields": {"name": "1"}}, {"pk": 7, "model": "calculator.bandwidth", "fields": {"name": "0.5"}}, {"pk": 8, "model": "calculator.bandwidth", "fields": {"name": "0.25"}}, {"pk": 9, "model": "calculator.bandwidth", "fields": {"name": "0.125"}}, {"pk": 10, "model": "calculator.bandwidth", "fields": {"name": "0.0625"}}, {"pk": 11, "model": "calculator.bandwidth", "fields": {"name": "12.5"}}, {"pk": 12, "model": "calculator.bandwidth", "fields": {"name": "50"}}, {"pk": 13, "model": "calculator.bandwidth", "fields": {"name": "200"}}, {"pk": 14, "model": "calculator.bandwidth", "fields": {"name": "800"}}, {"pk": 15, "model": "calculator.bandwidth", "fields": {"name": "20"}}, {"pk": 16, "model": "calculator.bandwidth", "fields": {"name": "40"}}, {"pk": 17, "model": "calculator.bandwidth", "fields": {"name": "80"}}, {"pk": 18, "model": "calculator.bandwidth", "fields": {"name": "240"}}, {"pk": 19, "model": "calculator.bandwidth", "fields": {"name": "320"}}, {"pk": 20, "model": "calculator.bandwidth", "fields": {"name": "1280"}}, {"pk": 21, "model": "calculator.bandwidth", "fields": {"name": "10"}}, {"pk": 22, "model": "calculator.bandwidth", "fields": {"name": "5"}}, {"pk": 23, "model": "calculator.bandwidth", "fields": {"name": "2.5"}}, {"pk": 24, "model": "calculator.bandwidth", "fields": {"name": "1.25"}}, {"pk": 25, "model": "calculator.bandwidth", "fields": {"name": "0.625"}}, {"pk": 26, "model": "calculator.bandwidth", "fields": {"name": "0.3125"}}, {"pk": 27, "model": "calculator.bandwidth", "fields": {"name": "0.15625"}}, {"pk": 28, "model": "calculator.bandwidth", "fields": {"name": "0.078125"}}, {"pk": 29, "model": "calculator.bandwidth", "fields": {"name": "400"}}, {"pk": 30, "model": "calculator.bandwidth", "fields": {"name": "100"}}, {"pk": 1, "model": "calculator.beams", "fields": {"name": "1"}}, {"pk": 2, "model": "calculator.beams", "fields": {"name": "2"}}, {"pk": 3, "model": "calculator.beams", "fields": {"name": "NA"}}, {"pk": 1, "model": "calculator.cc", "fields": {"topo_freq": 1.1499999999999999, "cc": 1.29}}, {"pk": 2, "model": "calculator.cc", "fields": {"topo_freq": 1.3999999999999999, "cc": 1.29}}, {"pk": 3, "model": "calculator.cc", "fields": {"topo_freq": 1.73, "cc": 1.23}}, {"pk": 4, "model": "calculator.cc", "fields": {"topo_freq": 3.9500000000000002, "cc": 1.23}}, {"pk": 5, "model": "calculator.cc", "fields": {"topo_freq": 4.9000000000000004, "cc": 1.23}}, {"pk": 6, "model": "calculator.cc", "fields": {"topo_freq": 5.8499999999999996, "cc": 1.24}}, {"pk": 7, "model": "calculator.cc", "fields": {"topo_freq": 8.0, "cc": 1.1799999999999999}}, {"pk": 8, "model": "calculator.cc", "fields": {"topo_freq": 9.0, "cc": 1.2}}, {"pk": 9, "model": "calculator.cc", "fields": {"topo_freq": 10.199999999999999, "cc": 1.21}}, {"pk": 10, "model": "calculator.cc", "fields": {"topo_freq": 12.0, "cc": 1.2}}, {"pk": 11, "model": "calculator.cc", "fields": {"topo_freq": 14.0, "cc": 1.2}}, {"pk": 12, "model": "calculator.cc", "fields": {"topo_freq": 15.4, "cc": 1.22}}, {"pk": 13, "model": "calculator.cc", "fields": {"topo_freq": 18.0, "cc": 1.1799999999999999}}, {"pk": 14, "model": "calculator.cc", "fields": {"topo_freq": 21.0, "cc": 1.2}}, {"pk": 15, "model": "calculator.cc", "fields": {"topo_freq": 22.0, "cc": 1.1899999999999999}}, {"pk": 16, "model": "calculator.cc", "fields": {"topo_freq": 24.0, "cc": 1.1799999999999999}}, {"pk": 17, "model": "calculator.cc", "fields": {"topo_freq": 26.5, "cc": 1.2}}, {"pk": 18, "model": "calculator.cc", "fields": {"topo_freq": 40.0, "cc": 1.1899999999999999}}, {"pk": 19, "model": "calculator.cc", "fields": {"topo_freq": 46.0, "cc": 1.21}}, {"pk": 20, "model": "calculator.cc", "fields": {"topo_freq": 52.0, "cc": 1.1899999999999999}}, {"pk": 21, "model": "calculator.cc", "fields": {"topo_freq": 60.0, "cc": 1.21}}, {"pk": 22, "model": "calculator.cc", "fields": {"topo_freq": 75.0, "cc": 1.22}}, {"pk": 23, "model": "calculator.cc", "fields": {"topo_freq": 90.0, "cc": 1.22}}, {"pk": 24, "model": "calculator.cc", "fields": {"topo_freq": 100.0, "cc": 1.22}}, {"pk": 25, "model": "calculator.cc", "fields": {"topo_freq": 115.0, "cc": 1.21}}, {"pk": 1, "model": "calculator.efficiency", "fields": {"efficiency_track_a": 0.99850000000000005, "efficiency_track_b": 0.999, "efficiency_track_c": 0.99750000000000005, "efficiency_track_all": 0.99860000000000004, "efficiency_atm_c": 0.96760000000000002, "efficiency_atm_b": 0.97689999999999999, "efficiency_atm_a": 0.97419999999999995, "efficiency_surf_all": 0.99939999999999996, "topo_freq": 2.0, "efficiency_atm_all": 0.9748, "efficiency_surf_b": 0.99939999999999996, "efficiency_surf_c": 0.99939999999999996, "efficiency_surf_a": 0.99919999999999998}}, {"pk": 2, "model": "calculator.efficiency", "fields": {"efficiency_track_a": 0.99750000000000005, "efficiency_track_b": 0.99550000000000005, "efficiency_track_c": 0.9909, "efficiency_track_all": 0.99509999999999998, "efficiency_atm_c": 0.9677, "efficiency_atm_b": 0.98380000000000001, "efficiency_atm_a": 0.96950000000000003, "efficiency_surf_all": 0.99870000000000003, "topo_freq": 3.0, "efficiency_atm_all": 0.97440000000000004, "efficiency_surf_b": 0.99850000000000005, "efficiency_surf_c": 0.99919999999999998, "efficiency_surf_a": 0.99860000000000004}}, {"pk": 3, "model": "calculator.efficiency", "fields": {"efficiency_track_a": 0.99319999999999997, "efficiency_track_b": 0.99429999999999996, "efficiency_track_c": 0.99180000000000001, "efficiency_track_all": 0.99339999999999995, "efficiency_atm_c": 0.96460000000000001, "efficiency_atm_b": 0.96299999999999997, "efficiency_atm_a": 0.96750000000000003, "efficiency_surf_all": 0.99780000000000002, "topo_freq": 4.0, "efficiency_atm_all": 0.96460000000000001, "efficiency_surf_b": 0.99729999999999996, "efficiency_surf_c": 0.99819999999999998, "efficiency_surf_a": 0.99829999999999997}}, {"pk": 4, "model": "calculator.efficiency", "fields": {"efficiency_track_a": 0.99009999999999998, "efficiency_track_b": 0.99150000000000005, "efficiency_track_c": 0.98740000000000006, "efficiency_track_all": 0.98980000000000001, "efficiency_atm_c": 0.96970000000000001, "efficiency_atm_b": 0.95050000000000001, "efficiency_atm_a": 0.9647, "efficiency_surf_all": 0.99639999999999995, "topo_freq": 5.0, "efficiency_atm_all": 0.96130000000000004, "efficiency_surf_b": 0.996, "efficiency_surf_c": 0.99590000000000001, "efficiency_surf_a": 0.99709999999999999}}, {"pk": 5, "model": "calculator.efficiency", "fields": {"efficiency_track_a": 0.99319999999999997, "efficiency_track_b": 0.99509999999999998, "efficiency_track_c": 0.99009999999999998, "efficiency_track_all": 0.99370000000000003, "efficiency_atm_c": 0.97270000000000001, "efficiency_atm_b": 0.9617, "efficiency_atm_a": 0.96909999999999996, "efficiency_surf_all": 0.99450000000000005, "topo_freq": 6.0, "efficiency_atm_all": 0.96609999999999996, "efficiency_surf_b": 0.99429999999999996, "efficiency_surf_c": 0.995, "efficiency_surf_a": 0.99460000000000004}}, {"pk": 6, "model": "calculator.efficiency", "fields": {"efficiency_track_a": 0.97840000000000005, "efficiency_track_b": 0.98229999999999995, "efficiency_track_c": 0.97160000000000002, "efficiency_track_all": 0.97899999999999998, "efficiency_atm_c": 0.9506, "efficiency_atm_b": 0.93000000000000005, "efficiency_atm_a": 0.97199999999999998, "efficiency_surf_all": 0.99119999999999997, "topo_freq": 8.0, "efficiency_atm_all": 0.94510000000000005, "efficiency_surf_b": 0.99150000000000005, "efficiency_surf_c": 0.99280000000000002, "efficiency_surf_a": 0.98939999999999995}}, {"pk": 7, "model": "calculator.efficiency", "fields": {"efficiency_track_a": 0.97829999999999995, "efficiency_track_b": 0.98299999999999998, "efficiency_track_c": 0.9819, "efficiency_track_all": 0.98250000000000004, "efficiency_atm_c": 0.92020000000000002, "efficiency_atm_b": 0.92700000000000005, "efficiency_atm_a": 0.94799999999999995, "efficiency_surf_all": 0.99139999999999995, "topo_freq": 9.0, "efficiency_atm_all": 0.92620000000000002, "efficiency_surf_b": 0.9899, "efficiency_surf_c": 0.996, "efficiency_surf_a": 0.98870000000000002}}, {"pk": 8, "model": "calculator.efficiency", "fields": {"efficiency_track_a": 0.90200000000000002, "efficiency_track_b": 0.97330000000000005, "efficiency_track_c": 0.96330000000000005, "efficiency_track_all": 0.96789999999999998, "efficiency_atm_c": 0.97250000000000003, "efficiency_atm_b": 0.91920000000000002, "efficiency_atm_a": 0.97750000000000004, "efficiency_surf_all": 0.99260000000000004, "topo_freq": 10.0, "efficiency_atm_all": 0.92889999999999995, "efficiency_surf_b": 0.99319999999999997, "efficiency_surf_c": 0.99480000000000002, "efficiency_surf_a": 0.97899999999999998}}, {"pk": 9, "model": "calculator.efficiency", "fields": {"efficiency_track_a": 0.86250000000000004, "efficiency_track_b": 0.96399999999999997, "efficiency_track_c": 0.94669999999999999, "efficiency_track_all": 0.94810000000000005, "efficiency_atm_c": 0.93930000000000002, "efficiency_atm_b": 0.86160000000000003, "efficiency_atm_a": 0.97499999999999998, "efficiency_surf_all": 0.97940000000000005, "topo_freq": 12.0, "efficiency_atm_all": 0.89039999999999997, "efficiency_surf_b": 0.98089999999999999, "efficiency_surf_c": 0.97999999999999998, "efficiency_surf_a": 0.96999999999999997}}, {"pk": 10, "model": "calculator.efficiency", "fields": {"efficiency_track_a": 0.96120000000000005, "efficiency_track_b": 0.96120000000000005, "efficiency_track_c": 0.94769999999999999, "efficiency_track_all": 0.95709999999999995, "efficiency_atm_c": 0.91620000000000001, "efficiency_atm_b": 0.86180000000000001, "efficiency_atm_a": 0.90229999999999999, "efficiency_surf_all": 0.97309999999999997, "topo_freq": 13.0, "efficiency_atm_all": 0.88790000000000002, "efficiency_surf_b": 0.96499999999999997, "efficiency_surf_c": 0.97960000000000003, "efficiency_surf_a": 0.98060000000000003}}, {"pk": 11, "model": "calculator.efficiency", "fields": {"efficiency_track_a": 0.98999999999999999, "efficiency_track_b": 0.93330000000000002, "efficiency_track_c": 0.96040000000000003, "efficiency_track_all": 0.94569999999999999, "efficiency_atm_c": 0.90839999999999999, "efficiency_atm_b": 0.85850000000000004, "efficiency_atm_a": 0.88439999999999996, "efficiency_surf_all": 0.96460000000000001, "topo_freq": 14.0, "efficiency_atm_all": 0.88129999999999997, "efficiency_surf_b": 0.96419999999999995, "efficiency_surf_c": 0.96499999999999997, "efficiency_surf_a": 0.97740000000000005}}, {"pk": 12, "model": "calculator.efficiency", "fields": {"efficiency_track_a": 0.97529999999999994, "efficiency_track_b": 0.96189999999999998, "efficiency_track_c": 0.97970000000000002, "efficiency_track_all": 0.96540000000000004, "efficiency_atm_c": 0.84130000000000005, "efficiency_atm_b": 0.81230000000000002, "efficiency_atm_a": 0.84370000000000001, "efficiency_surf_all": 0.96279999999999999, "topo_freq": 15.0, "efficiency_atm_all": 0.8196, "efficiency_surf_b": 0.95830000000000004, "efficiency_surf_c": 1.0, "efficiency_surf_a": 0.96709999999999996}}, {"pk": 13, "model": "calculator.efficiency", "fields": {"efficiency_track_a": 0.96830000000000005, "efficiency_track_b": 0.93359999999999999, "efficiency_track_c": 0.94969999999999999, "efficiency_track_all": 0.94640000000000002, "efficiency_atm_c": 0.8367, "efficiency_atm_b": 0.71909999999999996, "efficiency_atm_a": 0.74870000000000003, "efficiency_surf_all": 0.96560000000000001, "topo_freq": 18.0, "efficiency_atm_all": 0.77280000000000004, "efficiency_surf_b": 0.9536, "efficiency_surf_c": 0.98140000000000005, "efficiency_surf_a": 0.95669999999999999}}, {"pk": 14, "model": "calculator.efficiency", "fields": {"efficiency_track_a": 0.88360000000000005, "efficiency_track_b": 0.9274, "efficiency_track_c": 0.93200000000000005, "efficiency_track_all": 0.90500000000000003, "efficiency_atm_c": 0.77200000000000002, "efficiency_atm_b": 0.748, "efficiency_atm_a": 0.81699999999999995, "efficiency_surf_all": 0.93130000000000002, "topo_freq": 19.0, "efficiency_atm_all": 0.78879999999999995, "efficiency_surf_b": 0.94159999999999999, "efficiency_surf_c": 0.92700000000000005, "efficiency_surf_a": 0.92700000000000005}}, {"pk": 15, "model": "calculator.efficiency", "fields": {"efficiency_track_a": 0.89200000000000002, "efficiency_track_b": 0.94769999999999999, "efficiency_track_c": 0.91349999999999998, "efficiency_track_all": 0.93859999999999999, "efficiency_atm_c": 0.70569999999999999, "efficiency_atm_b": 0.67469999999999997, "efficiency_atm_a": 0.75460000000000005, "efficiency_surf_all": 0.93600000000000005, "topo_freq": 20.0, "efficiency_atm_all": 0.68300000000000005, "efficiency_surf_b": 0.94179999999999997, "efficiency_surf_c": 0.92000000000000004, "efficiency_surf_a": 0.93869999999999998}}, {"pk": 16, "model": "calculator.efficiency", "fields": {"efficiency_track_a": 0.93830000000000002, "efficiency_track_b": 0.95040000000000002, "efficiency_track_c": 0.94899999999999995, "efficiency_track_all": 0.94730000000000003, "efficiency_atm_c": 0.75529999999999997, "efficiency_atm_b": 0.62209999999999999, "efficiency_atm_a": 0.65169999999999995, "efficiency_surf_all": 0.94579999999999997, "topo_freq": 21.0, "efficiency_atm_all": 0.65969999999999995, "efficiency_surf_b": 0.92459999999999998, "efficiency_surf_c": 0.97070000000000001, "efficiency_surf_a": 0.97070000000000001}}, {"pk": 17, "model": "calculator.efficiency", "fields": {"efficiency_track_a": 0.93149999999999999, "efficiency_track_b": 0.92700000000000005, "efficiency_track_c": 0.91969999999999996, "efficiency_track_all": 0.92659999999999998, "efficiency_atm_c": 0.63790000000000002, "efficiency_atm_b": 0.65580000000000005, "efficiency_atm_a": 0.66220000000000001, "efficiency_surf_all": 0.96989999999999998, "topo_freq": 22.0, "efficiency_atm_all": 0.65310000000000001, "efficiency_surf_b": 0.96330000000000005, "efficiency_surf_c": 0.96909999999999996, "efficiency_surf_a": 0.97660000000000002}}, {"pk": 18, "model": "calculator.efficiency", "fields": {"efficiency_track_a": 0.93659999999999999, "efficiency_track_b": 0.93049999999999999, "efficiency_track_c": 0.93759999999999999, "efficiency_track_all": 0.93479999999999996, "efficiency_atm_c": 0.58740000000000003, "efficiency_atm_b": 0.66210000000000002, "efficiency_atm_a": 0.65390000000000004, "efficiency_surf_all": 0.96819999999999995, "topo_freq": 23.0, "efficiency_atm_all": 0.64249999999999996, "efficiency_surf_b": 0.97140000000000004, "efficiency_surf_c": 0.98499999999999999, "efficiency_surf_a": 0.95799999999999996}}, {"pk": 19, "model": "calculator.efficiency", "fields": {"efficiency_track_a": 0.95550000000000002, "efficiency_track_b": 0.94789999999999996, "efficiency_track_c": 0.93200000000000005, "efficiency_track_all": 0.94779999999999998, "efficiency_atm_c": 0.63100000000000001, "efficiency_atm_b": 0.56159999999999999, "efficiency_atm_a": 0.61350000000000005, "efficiency_surf_all": 0.95479999999999998, "topo_freq": 24.0, "efficiency_atm_all": 0.57889999999999997, "efficiency_surf_b": 0.9516, "efficiency_surf_c": 0.88700000000000001, "efficiency_surf_a": 1.0}}, {"pk": 20, "model": "calculator.efficiency", "fields": {"efficiency_track_a": 0.94999999999999996, "efficiency_track_b": 0.9123, "efficiency_track_c": 0.92130000000000001, "efficiency_track_all": 0.91749999999999998, "efficiency_atm_c": 0.63300000000000001, "efficiency_atm_b": 0.64700000000000002, "efficiency_atm_a": 0.67100000000000004, "efficiency_surf_all": 0.94189999999999996, "topo_freq": 25.0, "efficiency_atm_all": 0.64280000000000004, "efficiency_surf_b": 0.93899999999999995, "efficiency_surf_c": 0.93899999999999995, "efficiency_surf_a": 1.0}}, {"pk": 21, "model": "calculator.efficiency", "fields": {"efficiency_track_a": 0.90000000000000002, "efficiency_track_b": 0.91269999999999996, "efficiency_track_c": 0.90869999999999995, "efficiency_track_all": 0.90649999999999997, "efficiency_atm_c": 0.70730000000000004, "efficiency_atm_b": 0.68169999999999997, "efficiency_atm_a": 0.65200000000000002, "efficiency_surf_all": 0.91830000000000001, "topo_freq": 26.0, "efficiency_atm_all": 0.67889999999999995, "efficiency_surf_b": 0.91200000000000003, "efficiency_surf_c": 0.92459999999999998, "efficiency_surf_a": 0.91749999999999998}}, {"pk": 22, "model": "calculator.efficiency", "fields": {"efficiency_track_a": 0.82399999999999995, "efficiency_track_b": 0.91390000000000005, "efficiency_track_c": 0.9284, "efficiency_track_all": 0.91439999999999999, "efficiency_atm_c": 0.73529999999999995, "efficiency_atm_b": 0.72419999999999995, "efficiency_atm_a": 0.69799999999999995, "efficiency_surf_all": 0.8851, "topo_freq": 27.0, "efficiency_atm_all": 0.72609999999999997, "efficiency_surf_b": 0.88129999999999997, "efficiency_surf_c": 0.89929999999999999, "efficiency_surf_a": 0.85899999999999999}}, {"pk": 23, "model": "calculator.efficiency", "fields": {"efficiency_track_a": 0.91200000000000003, "efficiency_track_b": 0.92279999999999995, "efficiency_track_c": 0.92300000000000004, "efficiency_track_all": 0.92130000000000001, "efficiency_atm_c": 0.80700000000000005, "efficiency_atm_b": 0.68359999999999999, "efficiency_atm_a": 0.76700000000000002, "efficiency_surf_all": 0.93530000000000002, "topo_freq": 28.0, "efficiency_atm_all": 0.71309999999999996, "efficiency_surf_b": 0.93959999999999999, "efficiency_surf_c": 1.0, "efficiency_surf_a": 0.84899999999999998}}, {"pk": 24, "model": "calculator.efficiency", "fields": {"efficiency_track_a": 0.92830000000000001, "efficiency_track_b": 0.91200000000000003, "efficiency_track_c": 0.9345, "efficiency_track_all": 0.92769999999999997, "efficiency_atm_c": 0.79749999999999999, "efficiency_atm_b": 0.76100000000000001, "efficiency_atm_a": 0.81530000000000002, "efficiency_surf_all": 0.94630000000000003, "topo_freq": 29.0, "efficiency_atm_all": 0.80030000000000001, "efficiency_surf_b": 0.83899999999999997, "efficiency_surf_c": 1.0, "efficiency_surf_a": 0.94630000000000003}}, {"pk": 25, "model": "calculator.efficiency", "fields": {"efficiency_track_a": 0.8962, "efficiency_track_b": 0.8831, "efficiency_track_c": 0.91349999999999998, "efficiency_track_all": 0.89349999999999996, "efficiency_atm_c": 0.79200000000000004, "efficiency_atm_b": 0.76800000000000002, "efficiency_atm_a": 0.77380000000000004, "efficiency_surf_all": 0.87649999999999995, "topo_freq": 30.0, "efficiency_atm_all": 0.77490000000000003, "efficiency_surf_b": 0.84799999999999998, "efficiency_surf_c": 0.95730000000000004, "efficiency_surf_a": 0.86319999999999997}}, {"pk": 26, "model": "calculator.efficiency", "fields": {"efficiency_track_a": 0.91479999999999995, "efficiency_track_b": 0.91520000000000001, "efficiency_track_c": 0.90949999999999998, "efficiency_track_all": 0.91420000000000001, "efficiency_atm_c": 0.87849999999999995, "efficiency_atm_b": 0.75900000000000001, "efficiency_atm_a": 0.70850000000000002, "efficiency_surf_all": 0.94399999999999995, "topo_freq": 31.0, "efficiency_atm_all": 0.75409999999999999, "efficiency_surf_b": 0.92720000000000002, "efficiency_surf_c": 0.90900000000000003, "efficiency_surf_a": 0.96970000000000001}}, {"pk": 27, "model": "calculator.efficiency", "fields": {"efficiency_track_a": 0.92259999999999998, "efficiency_track_b": 0.89500000000000002, "efficiency_track_c": 0.90669999999999995, "efficiency_track_all": 0.90359999999999996, "efficiency_atm_c": 0.82230000000000003, "efficiency_atm_b": 0.83760000000000001, "efficiency_atm_a": 0.74119999999999997, "efficiency_surf_all": 0.92279999999999995, "topo_freq": 32.0, "efficiency_atm_all": 0.81120000000000003, "efficiency_surf_b": 0.87129999999999996, "efficiency_surf_c": 1.0, "efficiency_surf_a": 1.0}}, {"pk": 28, "model": "calculator.efficiency", "fields": {"efficiency_track_a": 0.9133, "efficiency_track_b": 0.90029999999999999, "efficiency_track_c": 0.91900000000000004, "efficiency_track_all": 0.91469999999999996, "efficiency_atm_c": 0.78400000000000003, "efficiency_atm_b": 0.84330000000000005, "efficiency_atm_a": 0.75800000000000001, "efficiency_surf_all": 1.0, "topo_freq": 33.0, "efficiency_atm_all": 0.76449999999999996, "efficiency_surf_b": 0.91739999999999999, "efficiency_surf_c": 1.0, "efficiency_surf_a": 1.0}}, {"pk": 29, "model": "calculator.efficiency", "fields": {"efficiency_track_a": 0.91349999999999998, "efficiency_track_b": 0.91400000000000003, "efficiency_track_c": 0.90700000000000003, "efficiency_track_all": 0.91149999999999998, "efficiency_atm_c": 0.85050000000000003, "efficiency_atm_b": 0.79749999999999999, "efficiency_atm_a": 0.78349999999999997, "efficiency_surf_all": 1.0, "topo_freq": 34.0, "efficiency_atm_all": 0.8105, "efficiency_surf_b": 1.0, "efficiency_surf_c": 1.0, "efficiency_surf_a": 1.0}}, {"pk": 30, "model": "calculator.efficiency", "fields": {"efficiency_track_a": 0.90900000000000003, "efficiency_track_b": 0.90080000000000005, "efficiency_track_c": 0.90249999999999997, "efficiency_track_all": 0.90349999999999997, "efficiency_atm_c": 0.84699999999999998, "efficiency_atm_b": 0.77580000000000005, "efficiency_atm_a": 0.82299999999999995, "efficiency_surf_all": 1.0, "topo_freq": 35.0, "efficiency_atm_all": 0.79149999999999998, "efficiency_surf_b": 1.0, "efficiency_surf_c": 1.0019, "efficiency_surf_a": 1.0}}, {"pk": 31, "model": "calculator.efficiency", "fields": {"efficiency_track_a": 0.90229999999999999, "efficiency_track_b": 0.90190000000000003, "efficiency_track_c": 0.90429999999999999, "efficiency_track_all": 0.90239999999999998, "efficiency_atm_c": 0.82730000000000004, "efficiency_atm_b": 0.78620000000000001, "efficiency_atm_a": 0.77569999999999995, "efficiency_surf_all": 1.0, "topo_freq": 36.0, "efficiency_atm_all": 0.79190000000000005, "efficiency_surf_b": 1.0, "efficiency_surf_c": 1.0, "efficiency_surf_a": 1.0}}, {"pk": 32, "model": "calculator.efficiency", "fields": {"efficiency_track_a": 0.8992, "efficiency_track_b": 0.89770000000000005, "efficiency_track_c": 0.90000000000000002, "efficiency_track_all": 0.8982, "efficiency_atm_c": 0.87709999999999999, "efficiency_atm_b": 0.79469999999999996, "efficiency_atm_a": 0.76300000000000001, "efficiency_surf_all": 1.0, "topo_freq": 37.0, "efficiency_atm_all": 0.78490000000000004, "efficiency_surf_b": 1.0, "efficiency_surf_c": 0.99950000000000006, "efficiency_surf_a": 1.0}}, {"pk": 33, "model": "calculator.efficiency", "fields": {"efficiency_track_a": 0.89149999999999996, "efficiency_track_b": 0.89049999999999996, "efficiency_track_c": 0.89349999999999996, "efficiency_track_all": 0.8911, "efficiency_atm_c": 0.90500000000000003, "efficiency_atm_b": 0.84309999999999996, "efficiency_atm_a": 0.86950000000000005, "efficiency_surf_all": 1.0, "topo_freq": 38.0, "efficiency_atm_all": 0.85570000000000002, "efficiency_surf_b": 1.0, "efficiency_surf_c": 1.0, "efficiency_surf_a": 1.0}}, {"pk": 34, "model": "calculator.efficiency", "fields": {"efficiency_track_a": 0.88900000000000001, "efficiency_track_b": 0.88770000000000004, "efficiency_track_c": 0.88900000000000001, "efficiency_track_all": 0.88790000000000002, "efficiency_atm_c": 0.83599999999999997, "efficiency_atm_b": 0.82030000000000003, "efficiency_atm_a": 0.82599999999999996, "efficiency_surf_all": 1.0, "topo_freq": 39.0, "efficiency_atm_all": 0.82179999999999997, "efficiency_surf_b": 1.0, "efficiency_surf_c": 1.0, "efficiency_surf_a": 1.0}}, {"pk": 35, "model": "calculator.efficiency", "fields": {"efficiency_track_a": 0.88329999999999997, "efficiency_track_b": 0.86650000000000005, "efficiency_track_c": 0.88070000000000004, "efficiency_track_all": 0.86650000000000005, "efficiency_atm_c": 0.79979999999999996, "efficiency_atm_b": 0.8528, "efficiency_atm_a": 0.79890000000000005, "efficiency_surf_all": 1.0, "topo_freq": 40.0, "efficiency_atm_all": 0.8528, "efficiency_surf_b": 1.0, "efficiency_surf_c": 1.0, "efficiency_surf_a": 1.0}}, {"pk": 36, "model": "calculator.efficiency", "fields": {"efficiency_track_a": 0.87470000000000003, "efficiency_track_b": 0.872, "efficiency_track_c": 0.877, "efficiency_track_all": 0.87280000000000002, "efficiency_atm_c": 0.83299999999999996, "efficiency_atm_b": 0.80020000000000002, "efficiency_atm_a": 0.80769999999999997, "efficiency_surf_all": 1.0, "topo_freq": 41.0, "efficiency_atm_all": 0.80359999999999998, "efficiency_surf_b": 1.0, "efficiency_surf_c": 1.0, "efficiency_surf_a": 1.0}}, {"pk": 37, "model": "calculator.efficiency", "fields": {"efficiency_track_a": 0.86699999999999999, "efficiency_track_b": 0.86970000000000003, "efficiency_track_c": 0.873, "efficiency_track_all": 0.87009999999999998, "efficiency_atm_c": 0.88500000000000001, "efficiency_atm_b": 0.82069999999999999, "efficiency_atm_a": 0.8135, "efficiency_surf_all": 1.0, "topo_freq": 42.0, "efficiency_atm_all": 0.82750000000000001, "efficiency_surf_b": 1.0, "efficiency_surf_c": 1.0, "efficiency_surf_a": 1.0}}, {"pk": 38, "model": "calculator.efficiency", "fields": {"efficiency_track_a": 0.86250000000000004, "efficiency_track_b": 0.86770000000000003, "efficiency_track_c": 0.84050000000000002, "efficiency_track_all": 0.86270000000000002, "efficiency_atm_c": 0.83499999999999996, "efficiency_atm_b": 0.85899999999999999, "efficiency_atm_a": 0.85350000000000004, "efficiency_surf_all": 1.0, "topo_freq": 43.0, "efficiency_atm_all": 0.85450000000000004, "efficiency_surf_b": 1.0, "efficiency_surf_c": 1.0, "efficiency_surf_a": 1.0}}, {"pk": 39, "model": "calculator.efficiency", "fields": {"efficiency_track_a": 0.86099999999999999, "efficiency_track_b": 0.85550000000000004, "efficiency_track_c": 0.86129999999999995, "efficiency_track_all": 0.85740000000000005, "efficiency_atm_c": 0.88100000000000001, "efficiency_atm_b": 0.80400000000000005, "efficiency_atm_a": 0.93400000000000005, "efficiency_surf_all": 1.0, "topo_freq": 44.0, "efficiency_atm_all": 0.83409999999999995, "efficiency_surf_b": 1.0, "efficiency_surf_c": 1.0, "efficiency_surf_a": 1.0}}, {"pk": 40, "model": "calculator.efficiency", "fields": {"efficiency_track_a": 0.85750000000000004, "efficiency_track_b": 0.85329999999999995, "efficiency_track_c": 0.85650000000000004, "efficiency_track_all": 0.85399999999999998, "efficiency_atm_c": 0.89000000000000001, "efficiency_atm_b": 0.84630000000000005, "efficiency_atm_a": 0.92020000000000002, "efficiency_surf_all": 1.0, "topo_freq": 45.0, "efficiency_atm_all": 0.85599999999999998, "efficiency_surf_b": 1.0, "efficiency_surf_c": 1.0, "efficiency_surf_a": 1.0}}, {"pk": 41, "model": "calculator.efficiency", "fields": {"efficiency_track_a": 0.85150000000000003, "efficiency_track_b": 0.84950000000000003, "efficiency_track_c": 0.84850000000000003, "efficiency_track_all": 0.84950000000000003, "efficiency_atm_c": 0.87329999999999997, "efficiency_atm_b": 0.80430000000000001, "efficiency_atm_a": 0.85389999999999999, "efficiency_surf_all": 1.0, "topo_freq": 46.0, "efficiency_atm_all": 0.80430000000000001, "efficiency_surf_b": 1.0, "efficiency_surf_c": 1.0, "efficiency_surf_a": 1.0}}, {"pk": 42, "model": "calculator.efficiency", "fields": {"efficiency_track_a": 0.84419999999999995, "efficiency_track_b": 0.84289999999999998, "efficiency_track_c": 0.84470000000000001, "efficiency_track_all": 0.84350000000000003, "efficiency_atm_c": 0.85529999999999995, "efficiency_atm_b": 0.75290000000000001, "efficiency_atm_a": 0.83320000000000005, "efficiency_surf_all": 1.0, "topo_freq": 47.0, "efficiency_atm_all": 0.79249999999999998, "efficiency_surf_b": 1.0, "efficiency_surf_c": 1.0, "efficiency_surf_a": 1.0}}, {"pk": 43, "model": "calculator.efficiency", "fields": {"efficiency_track_a": 0.83740000000000003, "efficiency_track_b": 0.8387, "efficiency_track_c": 0.83899999999999997, "efficiency_track_all": 0.83850000000000002, "efficiency_atm_c": 0.84379999999999999, "efficiency_atm_b": 0.75760000000000005, "efficiency_atm_a": 0.86060000000000003, "efficiency_surf_all": 1.0, "topo_freq": 48.0, "efficiency_atm_all": 0.79500000000000004, "efficiency_surf_b": 1.0, "efficiency_surf_c": 1.0, "efficiency_surf_a": 1.0}}, {"pk": 44, "model": "calculator.efficiency", "fields": {"efficiency_track_a": 0.83299999999999996, "efficiency_track_b": 0.83140000000000003, "efficiency_track_c": 0.83299999999999996, "efficiency_track_all": 0.83150000000000002, "efficiency_atm_c": 0.83799999999999997, "efficiency_atm_b": 0.72199999999999998, "efficiency_atm_a": 0.751, "efficiency_surf_all": 1.0, "topo_freq": 49.0, "efficiency_atm_all": 0.72960000000000003, "efficiency_surf_b": 1.0, "efficiency_surf_c": 1.0, "efficiency_surf_a": 1.0}}, {"pk": 45, "model": "calculator.efficiency", "fields": {"efficiency_track_a": 0.82669999999999999, "efficiency_track_b": 0.82550000000000001, "efficiency_track_c": 0.83299999999999996, "efficiency_track_all": 0.82579999999999998, "efficiency_atm_c": 0.83799999999999997, "efficiency_atm_b": 0.78010000000000002, "efficiency_atm_a": 0.83050000000000002, "efficiency_surf_all": 1.0, "topo_freq": 50.0, "efficiency_atm_all": 0.79190000000000005, "efficiency_surf_b": 1.0, "efficiency_surf_c": 1.0, "efficiency_surf_a": 1.0}}, {"pk": 1, "model": "calculator.integration", "fields": {"name": "NA"}}, {"pk": 2, "model": "calculator.integration", "fields": {"name": "0.005"}}, {"pk": 3, "model": "calculator.integration", "fields": {"name": "2.0E-09"}}, {"pk": 4, "model": "calculator.integration", "fields": {"name": "0.100"}}, {"pk": 5, "model": "calculator.integration", "fields": {"name": "1.00"}}, {"pk": 1, "model": "calculator.spectralwindows", "fields": {"name": "NA"}}, {"pk": 2, "model": "calculator.spectralwindows", "fields": {"name": "CF:1"}}, {"pk": 3, "model": "calculator.spectralwindows", "fields": {"name": "CF:2"}}, {"pk": 4, "model": "calculator.spectralwindows", "fields": {"name": "CF:4"}}, {"pk": 5, "model": "calculator.spectralwindows", "fields": {"name": "RF:1"}}, {"pk": 6, "model": "calculator.spectralwindows", "fields": {"name": "RF:2"}}, {"pk": 7, "model": "calculator.spectralwindows", "fields": {"name": "RF:4"}}, {"pk": 8, "model": "calculator.spectralwindows", "fields": {"name": "RF:8"}}, {"pk": 9, "model": "calculator.spectralwindows", "fields": {"name": "NA:4"}}, {"pk": 1, "model": "calculator.polarization", "fields": {"name": "NA"}}, {"pk": 2, "model": "calculator.polarization", "fields": {"name": "Summed"}}, {"pk": 3, "model": "calculator.polarization", "fields": {"name": "Single"}}, {"pk": 4, "model": "calculator.polarization", "fields": {"name": "Dual"}}, {"pk": 5, "model": "calculator.polarization", "fields": {"name": "(Q,U)"}}, {"pk": 6, "model": "calculator.polarization", "fields": {"name": "(I,Q,U,V)"}}, {"pk": 1, "model": "calculator.receiver", "fields": {"name": "3"}}, {"pk": 2, "model": "calculator.receiver", "fields": {"name": "4"}}, {"pk": 3, "model": "calculator.receiver", "fields": {"name": "6"}}, {"pk": 4, "model": "calculator.receiver", "fields": {"name": "8"}}, {"pk": 5, "model": "calculator.receiver", "fields": {"name": "A"}}, {"pk": 6, "model": "calculator.receiver", "fields": {"name": "L"}}, {"pk": 7, "model": "calculator.receiver", "fields": {"name": "S"}}, {"pk": 8, "model": "calculator.receiver", "fields": {"name": "C"}}, {"pk": 9, "model": "calculator.receiver", "fields": {"name": "X"}}, {"pk": 10, "model": "calculator.receiver", "fields": {"name": "U"}}, {"pk": 11, "model": "calculator.receiver", "fields": {"name": "K1"}}, {"pk": 12, "model": "calculator.receiver", "fields": {"name": "K2"}}, {"pk": 13, "model": "calculator.receiver", "fields": {"name": "Q"}}, {"pk": 14, "model": "calculator.receiver", "fields": {"name": "B1"}}, {"pk": 15, "model": "calculator.receiver", "fields": {"name": "B2"}}, {"pk": 16, "model": "calculator.receiver", "fields": {"name": "B3"}}, {"pk": 17, "model": "calculator.receiver", "fields": {"name": "O"}}, {"pk": 18, "model": "calculator.receiver", "fields": {"name": "B"}}, {"pk": 19, "model": "calculator.receiver", "fields": {"name": "NA"}}, {"pk": 1, "model": "calculator.switching", "fields": {"name": "NA"}}, {"pk": 2, "model": "calculator.switching", "fields": {"name": "BSW"}}, {"pk": 3, "model": "calculator.switching", "fields": {"name": "BSW-PS"}}, {"pk": 4, "model": "calculator.switching", "fields": {"name": "BSW-NOD"}}, {"pk": 5, "model": "calculator.switching", "fields": {"name": "BSW-SRN"}}, {"pk": 6, "model": "calculator.switching", "fields": {"name": "TP"}}, {"pk": 7, "model": "calculator.switching", "fields": {"name": "TP-PS"}}, {"pk": 8, "model": "calculator.switching", "fields": {"name": "TP-NOD"}}, {"pk": 9, "model": "calculator.switching", "fields": {"name": "TP-SRN"}}, {"pk": 10, "model": "calculator.switching", "fields": {"name": "FSW"}}, {"pk": 11, "model": "calculator.switching", "fields": {"name": "FSW-PS"}}, {"pk": 12, "model": "calculator.switching", "fields": {"name": "FSW-NOD"}}, {"pk": 13, "model": "calculator.switching", "fields": {"name": "FSW-SRN"}}, {"pk": 1, "model": "calculator.mode", "fields": {"name": "Continuum"}}, {"pk": 2, "model": "calculator.mode", "fields": {"name": "Pulsar"}}, {"pk": 3, "model": "calculator.mode", "fields": {"name": "HTR"}}, {"pk": 4, "model": "calculator.mode", "fields": {"name": "Spectral Line"}}, {"pk": 5, "model": "calculator.mode", "fields": {"name": "NA"}}, {"pk": 1, "model": "calculator.configuration", "fields": {"windows": 1, "beams": 3, "integration": 1, "polarization": 1, "bandwidth": 1, "mode": 1, "receiver": 19, "switching": 1, "backend": 1}}, {"pk": 2, "model": "calculator.configuration", "fields": {"windows": 1, "beams": 1, "integration": 1, "polarization": 1, "bandwidth": 1, "mode": 2, "receiver": 1, "switching": 2, "backend": 2}}, {"pk": 3, "model": "calculator.configuration", "fields": {"windows": 1, "beams": 1, "integration": 1, "polarization": 1, "bandwidth": 1, "mode": 2, "receiver": 2, "switching": 2, "backend": 2}}, {"pk": 4, "model": "calculator.configuration", "fields": {"windows": 1, "beams": 1, "integration": 1, "polarization": 1, "bandwidth": 1, "mode": 2, "receiver": 3, "switching": 2, "backend": 2}}, {"pk": 5, "model": "calculator.configuration", "fields": {"windows": 1, "beams": 1, "integration": 1, "polarization": 1, "bandwidth": 1, "mode": 2, "receiver": 4, "switching": 2, "backend": 2}}, {"pk": 6, "model": "calculator.configuration", "fields": {"windows": 1, "beams": 1, "integration": 1, "polarization": 1, "bandwidth": 1, "mode": 2, "receiver": 5, "switching": 2, "backend": 2}}, {"pk": 7, "model": "calculator.configuration", "fields": {"windows": 1, "beams": 1, "integration": 1, "polarization": 1, "bandwidth": 1, "mode": 2, "receiver": 6, "switching": 2, "backend": 2}}, {"pk": 8, "model": "calculator.configuration", "fields": {"windows": 1, "beams": 1, "integration": 1, "polarization": 1, "bandwidth": 1, "mode": 2, "receiver": 7, "switching": 2, "backend": 2}}, {"pk": 9, "model": "calculator.configuration", "fields": {"windows": 1, "beams": 1, "integration": 1, "polarization": 1, "bandwidth": 1, "mode": 2, "receiver": 8, "switching": 2, "backend": 2}}, {"pk": 10, "model": "calculator.configuration", "fields": {"windows": 1, "beams": 1, "integration": 1, "polarization": 1, "bandwidth": 1, "mode": 2, "receiver": 9, "switching": 2, "backend": 2}}, {"pk": 11, "model": "calculator.configuration", "fields": {"windows": 1, "beams": 1, "integration": 1, "polarization": 1, "bandwidth": 1, "mode": 2, "receiver": 10, "switching": 2, "backend": 2}}, {"pk": 12, "model": "calculator.configuration", "fields": {"windows": 1, "beams": 1, "integration": 1, "polarization": 1, "bandwidth": 1, "mode": 2, "receiver": 11, "switching": 2, "backend": 2}}, {"pk": 13, "model": "calculator.configuration", "fields": {"windows": 1, "beams": 1, "integration": 1, "polarization": 1, "bandwidth": 1, "mode": 2, "receiver": 12, "switching": 2, "backend": 2}}, {"pk": 14, "model": "calculator.configuration", "fields": {"windows": 1, "beams": 1, "integration": 1, "polarization": 1, "bandwidth": 1, "mode": 2, "receiver": 13, "switching": 2, "backend": 2}}, {"pk": 15, "model": "calculator.configuration", "fields": {"windows": 1, "beams": 1, "integration": 1, "polarization": 1, "bandwidth": 1, "mode": 2, "receiver": 14, "switching": 2, "backend": 2}}, {"pk": 16, "model": "calculator.configuration", "fields": {"windows": 1, "beams": 1, "integration": 1, "polarization": 1, "bandwidth": 1, "mode": 2, "receiver": 15, "switching": 2, "backend": 2}}, {"pk": 17, "model": "calculator.configuration", "fields": {"windows": 1, "beams": 1, "integration": 1, "polarization": 1, "bandwidth": 1, "mode": 2, "receiver": 16, "switching": 2, "backend": 2}}, {"pk": 18, "model": "calculator.configuration", "fields": {"windows": 1, "beams": 3, "integration": 1, "polarization": 1, "bandwidth": 1, "mode": 2, "receiver": 17, "switching": 2, "backend": 2}}, {"pk": 19, "model": "calculator.configuration", "fields": {"windows": 1, "beams": 1, "integration": 1, "polarization": 1, "bandwidth": 1, "mode": 2, "receiver": 1, "switching": 2, "backend": 3}}, {"pk": 20, "model": "calculator.configuration", "fields": {"windows": 1, "beams": 1, "integration": 1, "polarization": 1, "bandwidth": 1, "mode": 2, "receiver": 2, "switching": 2, "backend": 3}}, {"pk": 21, "model": "calculator.configuration", "fields": {"windows": 1, "beams": 1, "integration": 1, "polarization": 1, "bandwidth": 1, "mode": 2, "receiver": 3, "switching": 2, "backend": 3}}, {"pk": 22, "model": "calculator.configuration", "fields": {"windows": 1, "beams": 1, "integration": 1, "polarization": 1, "bandwidth": 1, "mode": 2, "receiver": 4, "switching": 2, "backend": 3}}, {"pk": 23, "model": "calculator.configuration", "fields": {"windows": 1, "beams": 1, "integration": 1, "polarization": 1, "bandwidth": 1, "mode": 2, "receiver": 5, "switching": 2, "backend": 3}}, {"pk": 24, "model": "calculator.configuration", "fields": {"windows": 1, "beams": 1, "integration": 1, "polarization": 1, "bandwidth": 1, "mode": 2, "receiver": 6, "switching": 2, "backend": 3}}, {"pk": 25, "model": "calculator.configuration", "fields": {"windows": 1, "beams": 1, "integration": 1, "polarization": 1, "bandwidth": 1, "mode": 2, "receiver": 7, "switching": 2, "backend": 3}}, {"pk": 26, "model": "calculator.configuration", "fields": {"windows": 1, "beams": 1, "integration": 1, "polarization": 1, "bandwidth": 1, "mode": 2, "receiver": 8, "switching": 2, "backend": 3}}, {"pk": 27, "model": "calculator.configuration", "fields": {"windows": 1, "beams": 1, "integration": 1, "polarization": 1, "bandwidth": 1, "mode": 2, "receiver": 9, "switching": 2, "backend": 3}}, {"pk": 28, "model": "calculator.configuration", "fields": {"windows": 1, "beams": 1, "integration": 1, "polarization": 1, "bandwidth": 1, "mode": 2, "receiver": 10, "switching": 2, "backend": 3}}, {"pk": 29, "model": "calculator.configuration", "fields": {"windows": 1, "beams": 1, "integration": 1, "polarization": 1, "bandwidth": 1, "mode": 2, "receiver": 11, "switching": 2, "backend": 3}}, {"pk": 30, "model": "calculator.configuration", "fields": {"windows": 1, "beams": 1, "integration": 1, "polarization": 1, "bandwidth": 1, "mode": 2, "receiver": 12, "switching": 2, "backend": 3}}, {"pk": 31, "model": "calculator.configuration", "fields": {"windows": 1, "beams": 1, "integration": 1, "polarization": 1, "bandwidth": 1, "mode": 2, "receiver": 13, "switching": 2, "backend": 3}}, {"pk": 32, "model": "calculator.configuration", "fields": {"windows": 1, "beams": 1, "integration": 1, "polarization": 1, "bandwidth": 1, "mode": 2, "receiver": 14, "switching": 2, "backend": 3}}, {"pk": 33, "model": "calculator.configuration", "fields": {"windows": 1, "beams": 1, "integration": 1, "polarization": 1, "bandwidth": 1, "mode": 2, "receiver": 15, "switching": 2, "backend": 3}}, {"pk": 34, "model": "calculator.configuration", "fields": {"windows": 1, "beams": 1, "integration": 1, "polarization": 1, "bandwidth": 1, "mode": 2, "receiver": 16, "switching": 2, "backend": 3}}, {"pk": 35, "model": "calculator.configuration", "fields": {"windows": 1, "beams": 3, "integration": 1, "polarization": 1, "bandwidth": 1, "mode": 2, "receiver": 17, "switching": 2, "backend": 3}}, {"pk": 53, "model": "calculator.configuration", "fields": {"windows": 1, "beams": 2, "integration": 2, "polarization": 1, "bandwidth": 2, "mode": 1, "receiver": 18, "switching": 9, "backend": 5}}, {"pk": 54, "model": "calculator.configuration", "fields": {"windows": 1, "beams": 2, "integration": 3, "polarization": 1, "bandwidth": 2, "mode": 1, "receiver": 18, "switching": 9, "backend": 5}}, {"pk": 55, "model": "calculator.configuration", "fields": {"windows": 1, "beams": 2, "integration": 4, "polarization": 1, "bandwidth": 2, "mode": 1, "receiver": 18, "switching": 9, "backend": 5}}, {"pk": 56, "model": "calculator.configuration", "fields": {"windows": 1, "beams": 2, "integration": 5, "polarization": 1, "bandwidth": 2, "mode": 1, "receiver": 18, "switching": 9, "backend": 5}}, {"pk": 57, "model": "calculator.configuration", "fields": {"windows": 2, "beams": 1, "integration": 1, "polarization": 1, "bandwidth": 3, "mode": 3, "receiver": 1, "switching": 2, "backend": 6}}, {"pk": 58, "model": "calculator.configuration", "fields": {"windows": 2, "beams": 1, "integration": 1, "polarization": 1, "bandwidth": 3, "mode": 3, "receiver": 2, "switching": 2, "backend": 6}}, {"pk": 59, "model": "calculator.configuration", "fields": {"windows": 2, "beams": 1, "integration": 1, "polarization": 1, "bandwidth": 3, "mode": 3, "receiver": 3, "switching": 2, "backend": 6}}, {"pk": 60, "model": "calculator.configuration", "fields": {"windows": 2, "beams": 1, "integration": 1, "polarization": 1, "bandwidth": 3, "mode": 3, "receiver": 4, "switching": 2, "backend": 6}}, {"pk": 61, "model": "calculator.configuration", "fields": {"windows": 2, "beams": 1, "integration": 1, "polarization": 1, "bandwidth": 3, "mode": 3, "receiver": 5, "switching": 2, "backend": 6}}, {"pk": 62, "model": "calculator.configuration", "fields": {"windows": 2, "beams": 1, "integration": 1, "polarization": 1, "bandwidth": 3, "mode": 3, "receiver": 6, "switching": 2, "backend": 6}}, {"pk": 63, "model": "calculator.configuration", "fields": {"windows": 2, "beams": 1, "integration": 1, "polarization": 1, "bandwidth": 3, "mode": 3, "receiver": 7, "switching": 2, "backend": 6}}, {"pk": 64, "model": "calculator.configuration", "fields": {"windows": 2, "beams": 1, "integration": 1, "polarization": 1, "bandwidth": 3, "mode": 3, "receiver": 8, "switching": 2, "backend": 6}}, {"pk": 65, "model": "calculator.configuration", "fields": {"windows": 2, "beams": 1, "integration": 1, "polarization": 1, "bandwidth": 3, "mode": 3, "receiver": 9, "switching": 2, "backend": 6}}, {"pk": 66, "model": "calculator.configuration", "fields": {"windows": 2, "beams": 1, "integration": 1, "polarization": 1, "bandwidth": 3, "mode": 3, "receiver": 10, "switching": 2, "backend": 6}}, {"pk": 67, "model": "calculator.configuration", "fields": {"windows": 2, "beams": 1, "integration": 1, "polarization": 1, "bandwidth": 3, "mode": 3, "receiver": 11, "switching": 2, "backend": 6}}, {"pk": 68, "model": "calculator.configuration", "fields": {"windows": 2, "beams": 1, "integration": 1, "polarization": 1, "bandwidth": 3, "mode": 3, "receiver": 12, "switching": 2, "backend": 6}}, {"pk": 69, "model": "calculator.configuration", "fields": {"windows": 2, "beams": 1, "integration": 1, "polarization": 1, "bandwidth": 3, "mode": 3, "receiver": 13, "switching": 2, "backend": 6}}, {"pk": 70, "model": "calculator.configuration", "fields": {"windows": 3, "beams": 1, "integration": 1, "polarization": 1, "bandwidth": 3, "mode": 3, "receiver": 1, "switching": 2, "backend": 6}}, {"pk": 71, "model": "calculator.configuration", "fields": {"windows": 3, "beams": 1, "integration": 1, "polarization": 1, "bandwidth": 3, "mode": 3, "receiver": 2, "switching": 2, "backend": 6}}, {"pk": 72, "model": "calculator.configuration", "fields": {"windows": 3, "beams": 1, "integration": 1, "polarization": 1, "bandwidth": 3, "mode": 3, "receiver": 3, "switching": 2, "backend": 6}}, {"pk": 73, "model": "calculator.configuration", "fields": {"windows": 3, "beams": 1, "integration": 1, "polarization": 1, "bandwidth": 3, "mode": 3, "receiver": 4, "switching": 2, "backend": 6}}, {"pk": 74, "model": "calculator.configuration", "fields": {"windows": 3, "beams": 1, "integration": 1, "polarization": 1, "bandwidth": 3, "mode": 3, "receiver": 5, "switching": 2, "backend": 6}}, {"pk": 75, "model": "calculator.configuration", "fields": {"windows": 3, "beams": 1, "integration": 1, "polarization": 1, "bandwidth": 3, "mode": 3, "receiver": 6, "switching": 2, "backend": 6}}, {"pk": 76, "model": "calculator.configuration", "fields": {"windows": 3, "beams": 1, "integration": 1, "polarization": 1, "bandwidth": 3, "mode": 3, "receiver": 7, "switching": 2, "backend": 6}}, {"pk": 77, "model": "calculator.configuration", "fields": {"windows": 3, "beams": 1, "integration": 1, "polarization": 1, "bandwidth": 3, "mode": 3, "receiver": 8, "switching": 2, "backend": 6}}, {"pk": 78, "model": "calculator.configuration", "fields": {"windows": 3, "beams": 1, "integration": 1, "polarization": 1, "bandwidth": 3, "mode": 3, "receiver": 9, "switching": 2, "backend": 6}}, {"pk": 79, "model": "calculator.configuration", "fields": {"windows": 3, "beams": 1, "integration": 1, "polarization": 1, "bandwidth": 3, "mode": 3, "receiver": 10, "switching": 2, "backend": 6}}, {"pk": 80, "model": "calculator.configuration", "fields": {"windows": 3, "beams": 1, "integration": 1, "polarization": 1, "bandwidth": 3, "mode": 3, "receiver": 11, "switching": 2, "backend": 6}}, {"pk": 81, "model": "calculator.configuration", "fields": {"windows": 3, "beams": 1, "integration": 1, "polarization": 1, "bandwidth": 3, "mode": 3, "receiver": 12, "switching": 2, "backend": 6}}, {"pk": 82, "model": "calculator.configuration", "fields": {"windows": 3, "beams": 1, "integration": 1, "polarization": 1, "bandwidth": 3, "mode": 3, "receiver": 13, "switching": 2, "backend": 6}}, {"pk": 83, "model": "calculator.configuration", "fields": {"windows": 4, "beams": 1, "integration": 1, "polarization": 1, "bandwidth": 3, "mode": 3, "receiver": 1, "switching": 2, "backend": 6}}, {"pk": 84, "model": "calculator.configuration", "fields": {"windows": 4, "beams": 1, "integration": 1, "polarization": 1, "bandwidth": 3, "mode": 3, "receiver": 2, "switching": 2, "backend": 6}}, {"pk": 85, "model": "calculator.configuration", "fields": {"windows": 4, "beams": 1, "integration": 1, "polarization": 1, "bandwidth": 3, "mode": 3, "receiver": 3, "switching": 2, "backend": 6}}, {"pk": 86, "model": "calculator.configuration", "fields": {"windows": 4, "beams": 1, "integration": 1, "polarization": 1, "bandwidth": 3, "mode": 3, "receiver": 4, "switching": 2, "backend": 6}}, {"pk": 87, "model": "calculator.configuration", "fields": {"windows": 4, "beams": 1, "integration": 1, "polarization": 1, "bandwidth": 3, "mode": 3, "receiver": 5, "switching": 2, "backend": 6}}, {"pk": 88, "model": "calculator.configuration", "fields": {"windows": 4, "beams": 1, "integration": 1, "polarization": 1, "bandwidth": 3, "mode": 3, "receiver": 6, "switching": 2, "backend": 6}}, {"pk": 89, "model": "calculator.configuration", "fields": {"windows": 4, "beams": 1, "integration": 1, "polarization": 1, "bandwidth": 3, "mode": 3, "receiver": 7, "switching": 2, "backend": 6}}, {"pk": 90, "model": "calculator.configuration", "fields": {"windows": 4, "beams": 1, "integration": 1, "polarization": 1, "bandwidth": 3, "mode": 3, "receiver": 8, "switching": 2, "backend": 6}}, {"pk": 91, "model": "calculator.configuration", "fields": {"windows": 4, "beams": 1, "integration": 1, "polarization": 1, "bandwidth": 3, "mode": 3, "receiver": 9, "switching": 2, "backend": 6}}, {"pk": 92, "model": "calculator.configuration", "fields": {"windows": 4, "beams": 1, "integration": 1, "polarization": 1, "bandwidth": 3, "mode": 3, "receiver": 10, "switching": 2, "backend": 6}}, {"pk": 93, "model": "calculator.configuration", "fields": {"windows": 4, "beams": 1, "integration": 1, "polarization": 1, "bandwidth": 3, "mode": 3, "receiver": 11, "switching": 2, "backend": 6}}, {"pk": 94, "model": "calculator.configuration", "fields": {"windows": 4, "beams": 1, "integration": 1, "polarization": 1, "bandwidth": 3, "mode": 3, "receiver": 12, "switching": 2, "backend": 6}}, {"pk": 95, "model": "calculator.configuration", "fields": {"windows": 4, "beams": 1, "integration": 1, "polarization": 1, "bandwidth": 3, "mode": 3, "receiver": 13, "switching": 2, "backend": 6}}, {"pk": 96, "model": "calculator.configuration", "fields": {"windows": 5, "beams": 1, "integration": 1, "polarization": 1, "bandwidth": 3, "mode": 3, "receiver": 1, "switching": 2, "backend": 6}}, {"pk": 97, "model": "calculator.configuration", "fields": {"windows": 5, "beams": 1, "integration": 1, "polarization": 1, "bandwidth": 3, "mode": 3, "receiver": 2, "switching": 2, "backend": 6}}, {"pk": 98, "model": "calculator.configuration", "fields": {"windows": 5, "beams": 1, "integration": 1, "polarization": 1, "bandwidth": 3, "mode": 3, "receiver": 3, "switching": 2, "backend": 6}}, {"pk": 99, "model": "calculator.configuration", "fields": {"windows": 5, "beams": 1, "integration": 1, "polarization": 1, "bandwidth": 3, "mode": 3, "receiver": 4, "switching": 2, "backend": 6}}, {"pk": 100, "model": "calculator.configuration", "fields": {"windows": 5, "beams": 1, "integration": 1, "polarization": 1, "bandwidth": 3, "mode": 3, "receiver": 5, "switching": 2, "backend": 6}}, {"pk": 101, "model": "calculator.configuration", "fields": {"windows": 5, "beams": 1, "integration": 1, "polarization": 1, "bandwidth": 3, "mode": 3, "receiver": 6, "switching": 2, "backend": 6}}, {"pk": 102, "model": "calculator.configuration", "fields": {"windows": 5, "beams": 1, "integration": 1, "polarization": 1, "bandwidth": 3, "mode": 3, "receiver": 7, "switching": 2, "backend": 6}}, {"pk": 103, "model": "calculator.configuration", "fields": {"windows": 5, "beams": 1, "integration": 1, "polarization": 1, "bandwidth": 3, "mode": 3, "receiver": 8, "switching": 2, "backend": 6}}, {"pk": 104, "model": "calculator.configuration", "fields": {"windows": 5, "beams": 1, "integration": 1, "polarization": 1, "bandwidth": 3, "mode": 3, "receiver": 9, "switching": 2, "backend": 6}}, {"pk": 105, "model": "calculator.configuration", "fields": {"windows": 5, "beams": 1, "integration": 1, "polarization": 1, "bandwidth": 3, "mode": 3, "receiver": 10, "switching": 2, "backend": 6}}, {"pk": 106, "model": "calculator.configuration", "fields": {"windows": 5, "beams": 1, "integration": 1, "polarization": 1, "bandwidth": 3, "mode": 3, "receiver": 11, "switching": 2, "backend": 6}}, {"pk": 107, "model": "calculator.configuration", "fields": {"windows": 5, "beams": 1, "integration": 1, "polarization": 1, "bandwidth": 3, "mode": 3, "receiver": 12, "switching": 2, "backend": 6}}, {"pk": 108, "model": "calculator.configuration", "fields": {"windows": 5, "beams": 1, "integration": 1, "polarization": 1, "bandwidth": 3, "mode": 3, "receiver": 13, "switching": 2, "backend": 6}}, {"pk": 109, "model": "calculator.configuration", "fields": {"windows": 6, "beams": 1, "integration": 1, "polarization": 1, "bandwidth": 3, "mode": 3, "receiver": 1, "switching": 2, "backend": 6}}, {"pk": 110, "model": "calculator.configuration", "fields": {"windows": 6, "beams": 1, "integration": 1, "polarization": 1, "bandwidth": 3, "mode": 3, "receiver": 2, "switching": 2, "backend": 6}}, {"pk": 111, "model": "calculator.configuration", "fields": {"windows": 6, "beams": 1, "integration": 1, "polarization": 1, "bandwidth": 3, "mode": 3, "receiver": 3, "switching": 2, "backend": 6}}, {"pk": 112, "model": "calculator.configuration", "fields": {"windows": 6, "beams": 1, "integration": 1, "polarization": 1, "bandwidth": 3, "mode": 3, "receiver": 4, "switching": 2, "backend": 6}}, {"pk": 113, "model": "calculator.configuration", "fields": {"windows": 6, "beams": 1, "integration": 1, "polarization": 1, "bandwidth": 3, "mode": 3, "receiver": 5, "switching": 2, "backend": 6}}, {"pk": 114, "model": "calculator.configuration", "fields": {"windows": 6, "beams": 1, "integration": 1, "polarization": 1, "bandwidth": 3, "mode": 3, "receiver": 6, "switching": 2, "backend": 6}}, {"pk": 115, "model": "calculator.configuration", "fields": {"windows": 6, "beams": 1, "integration": 1, "polarization": 1, "bandwidth": 3, "mode": 3, "receiver": 7, "switching": 2, "backend": 6}}, {"pk": 116, "model": "calculator.configuration", "fields": {"windows": 6, "beams": 1, "integration": 1, "polarization": 1, "bandwidth": 3, "mode": 3, "receiver": 8, "switching": 2, "backend": 6}}, {"pk": 117, "model": "calculator.configuration", "fields": {"windows": 6, "beams": 1, "integration": 1, "polarization": 1, "bandwidth": 3, "mode": 3, "receiver": 9, "switching": 2, "backend": 6}}, {"pk": 118, "model": "calculator.configuration", "fields": {"windows": 6, "beams": 1, "integration": 1, "polarization": 1, "bandwidth": 3, "mode": 3, "receiver": 10, "switching": 2, "backend": 6}}, {"pk": 119, "model": "calculator.configuration", "fields": {"windows": 6, "beams": 1, "integration": 1, "polarization": 1, "bandwidth": 3, "mode": 3, "receiver": 11, "switching": 2, "backend": 6}}, {"pk": 120, "model": "calculator.configuration", "fields": {"windows": 6, "beams": 1, "integration": 1, "polarization": 1, "bandwidth": 3, "mode": 3, "receiver": 12, "switching": 2, "backend": 6}}, {"pk": 121, "model": "calculator.configuration", "fields": {"windows": 6, "beams": 1, "integration": 1, "polarization": 1, "bandwidth": 3, "mode": 3, "receiver": 13, "switching": 2, "backend": 6}}, {"pk": 122, "model": "calculator.configuration", "fields": {"windows": 7, "beams": 1, "integration": 1, "polarization": 1, "bandwidth": 3, "mode": 3, "receiver": 1, "switching": 2, "backend": 6}}, {"pk": 123, "model": "calculator.configuration", "fields": {"windows": 7, "beams": 1, "integration": 1, "polarization": 1, "bandwidth": 3, "mode": 3, "receiver": 2, "switching": 2, "backend": 6}}, {"pk": 124, "model": "calculator.configuration", "fields": {"windows": 7, "beams": 1, "integration": 1, "polarization": 1, "bandwidth": 3, "mode": 3, "receiver": 3, "switching": 2, "backend": 6}}, {"pk": 125, "model": "calculator.configuration", "fields": {"windows": 7, "beams": 1, "integration": 1, "polarization": 1, "bandwidth": 3, "mode": 3, "receiver": 4, "switching": 2, "backend": 6}}, {"pk": 126, "model": "calculator.configuration", "fields": {"windows": 7, "beams": 1, "integration": 1, "polarization": 1, "bandwidth": 3, "mode": 3, "receiver": 5, "switching": 2, "backend": 6}}, {"pk": 127, "model": "calculator.configuration", "fields": {"windows": 7, "beams": 1, "integration": 1, "polarization": 1, "bandwidth": 3, "mode": 3, "receiver": 6, "switching": 2, "backend": 6}}, {"pk": 128, "model": "calculator.configuration", "fields": {"windows": 7, "beams": 1, "integration": 1, "polarization": 1, "bandwidth": 3, "mode": 3, "receiver": 7, "switching": 2, "backend": 6}}, {"pk": 129, "model": "calculator.configuration", "fields": {"windows": 7, "beams": 1, "integration": 1, "polarization": 1, "bandwidth": 3, "mode": 3, "receiver": 8, "switching": 2, "backend": 6}}, {"pk": 130, "model": "calculator.configuration", "fields": {"windows": 7, "beams": 1, "integration": 1, "polarization": 1, "bandwidth": 3, "mode": 3, "receiver": 9, "switching": 2, "backend": 6}}, {"pk": 131, "model": "calculator.configuration", "fields": {"windows": 7, "beams": 1, "integration": 1, "polarization": 1, "bandwidth": 3, "mode": 3, "receiver": 10, "switching": 2, "backend": 6}}, {"pk": 132, "model": "calculator.configuration", "fields": {"windows": 7, "beams": 1, "integration": 1, "polarization": 1, "bandwidth": 3, "mode": 3, "receiver": 11, "switching": 2, "backend": 6}}, {"pk": 133, "model": "calculator.configuration", "fields": {"windows": 7, "beams": 1, "integration": 1, "polarization": 1, "bandwidth": 3, "mode": 3, "receiver": 12, "switching": 2, "backend": 6}}, {"pk": 134, "model": "calculator.configuration", "fields": {"windows": 7, "beams": 1, "integration": 1, "polarization": 1, "bandwidth": 3, "mode": 3, "receiver": 13, "switching": 2, "backend": 6}}, {"pk": 135, "model": "calculator.configuration", "fields": {"windows": 8, "beams": 1, "integration": 1, "polarization": 1, "bandwidth": 3, "mode": 3, "receiver": 1, "switching": 2, "backend": 6}}, {"pk": 136, "model": "calculator.configuration", "fields": {"windows": 8, "beams": 1, "integration": 1, "polarization": 1, "bandwidth": 3, "mode": 3, "receiver": 2, "switching": 2, "backend": 6}}, {"pk": 137, "model": "calculator.configuration", "fields": {"windows": 8, "beams": 1, "integration": 1, "polarization": 1, "bandwidth": 3, "mode": 3, "receiver": 3, "switching": 2, "backend": 6}}, {"pk": 138, "model": "calculator.configuration", "fields": {"windows": 8, "beams": 1, "integration": 1, "polarization": 1, "bandwidth": 3, "mode": 3, "receiver": 4, "switching": 2, "backend": 6}}, {"pk": 139, "model": "calculator.configuration", "fields": {"windows": 8, "beams": 1, "integration": 1, "polarization": 1, "bandwidth": 3, "mode": 3, "receiver": 5, "switching": 2, "backend": 6}}, {"pk": 140, "model": "calculator.configuration", "fields": {"windows": 8, "beams": 1, "integration": 1, "polarization": 1, "bandwidth": 3, "mode": 3, "receiver": 6, "switching": 2, "backend": 6}}, {"pk": 141, "model": "calculator.configuration", "fields": {"windows": 8, "beams": 1, "integration": 1, "polarization": 1, "bandwidth": 3, "mode": 3, "receiver": 7, "switching": 2, "backend": 6}}, {"pk": 142, "model": "calculator.configuration", "fields": {"windows": 8, "beams": 1, "integration": 1, "polarization": 1, "bandwidth": 3, "mode": 3, "receiver": 8, "switching": 2, "backend": 6}}, {"pk": 143, "model": "calculator.configuration", "fields": {"windows": 8, "beams": 1, "integration": 1, "polarization": 1, "bandwidth": 3, "mode": 3, "receiver": 9, "switching": 2, "backend": 6}}, {"pk": 144, "model": "calculator.configuration", "fields": {"windows": 8, "beams": 1, "integration": 1, "polarization": 1, "bandwidth": 3, "mode": 3, "receiver": 10, "switching": 2, "backend": 6}}, {"pk": 145, "model": "calculator.configuration", "fields": {"windows": 8, "beams": 1, "integration": 1, "polarization": 1, "bandwidth": 3, "mode": 3, "receiver": 11, "switching": 2, "backend": 6}}, {"pk": 146, "model": "calculator.configuration", "fields": {"windows": 8, "beams": 1, "integration": 1, "polarization": 1, "bandwidth": 3, "mode": 3, "receiver": 12, "switching": 2, "backend": 6}}, {"pk": 147, "model": "calculator.configuration", "fields": {"windows": 8, "beams": 1, "integration": 1, "polarization": 1, "bandwidth": 3, "mode": 3, "receiver": 13, "switching": 2, "backend": 6}}, {"pk": 148, "model": "calculator.configuration", "fields": {"windows": 9, "beams": 1, "integration": 1, "polarization": 1, "bandwidth": 3, "mode": 3, "receiver": 1, "switching": 2, "backend": 6}}, {"pk": 149, "model": "calculator.configuration", "fields": {"windows": 9, "beams": 1, "integration": 1, "polarization": 1, "bandwidth": 3, "mode": 3, "receiver": 2, "switching": 2, "backend": 6}}, {"pk": 150, "model": "calculator.configuration", "fields": {"windows": 9, "beams": 1, "integration": 1, "polarization": 1, "bandwidth": 3, "mode": 3, "receiver": 3, "switching": 2, "backend": 6}}, {"pk": 151, "model": "calculator.configuration", "fields": {"windows": 9, "beams": 1, "integration": 1, "polarization": 1, "bandwidth": 3, "mode": 3, "receiver": 4, "switching": 2, "backend": 6}}, {"pk": 152, "model": "calculator.configuration", "fields": {"windows": 9, "beams": 1, "integration": 1, "polarization": 1, "bandwidth": 3, "mode": 3, "receiver": 5, "switching": 2, "backend": 6}}, {"pk": 153, "model": "calculator.configuration", "fields": {"windows": 9, "beams": 1, "integration": 1, "polarization": 1, "bandwidth": 3, "mode": 3, "receiver": 6, "switching": 2, "backend": 6}}, {"pk": 154, "model": "calculator.configuration", "fields": {"windows": 9, "beams": 1, "integration": 1, "polarization": 1, "bandwidth": 3, "mode": 3, "receiver": 7, "switching": 2, "backend": 6}}, {"pk": 155, "model": "calculator.configuration", "fields": {"windows": 9, "beams": 1, "integration": 1, "polarization": 1, "bandwidth": 3, "mode": 3, "receiver": 8, "switching": 2, "backend": 6}}, {"pk": 156, "model": "calculator.configuration", "fields": {"windows": 9, "beams": 1, "integration": 1, "polarization": 1, "bandwidth": 3, "mode": 3, "receiver": 9, "switching": 2, "backend": 6}}, {"pk": 157, "model": "calculator.configuration", "fields": {"windows": 9, "beams": 1, "integration": 1, "polarization": 1, "bandwidth": 3, "mode": 3, "receiver": 10, "switching": 2, "backend": 6}}, {"pk": 158, "model": "calculator.configuration", "fields": {"windows": 9, "beams": 1, "integration": 1, "polarization": 1, "bandwidth": 3, "mode": 3, "receiver": 11, "switching": 2, "backend": 6}}, {"pk": 159, "model": "calculator.configuration", "fields": {"windows": 9, "beams": 1, "integration": 1, "polarization": 1, "bandwidth": 3, "mode": 3, "receiver": 12, "switching": 2, "backend": 6}}, {"pk": 160, "model": "calculator.configuration", "fields": {"windows": 9, "beams": 1, "integration": 1, "polarization": 1, "bandwidth": 3, "mode": 3, "receiver": 13, "switching": 2, "backend": 6}}, {"pk": 174, "model": "calculator.configuration", "fields": {"windows": 2, "beams": 1, "integration": 1, "polarization": 1, "bandwidth": 3, "mode": 3, "receiver": 1, "switching": 3, "backend": 6}}, {"pk": 175, "model": "calculator.configuration", "fields": {"windows": 2, "beams": 1, "integration": 1, "polarization": 1, "bandwidth": 3, "mode": 3, "receiver": 2, "switching": 3, "backend": 6}}, {"pk": 176, "model": "calculator.configuration", "fields": {"windows": 2, "beams": 1, "integration": 1, "polarization": 1, "bandwidth": 3, "mode": 3, "receiver": 3, "switching": 3, "backend": 6}}, {"pk": 177, "model": "calculator.configuration", "fields": {"windows": 2, "beams": 1, "integration": 1, "polarization": 1, "bandwidth": 3, "mode": 3, "receiver": 4, "switching": 3, "backend": 6}}, {"pk": 178, "model": "calculator.configuration", "fields": {"windows": 2, "beams": 1, "integration": 1, "polarization": 1, "bandwidth": 3, "mode": 3, "receiver": 5, "switching": 3, "backend": 6}}, {"pk": 179, "model": "calculator.configuration", "fields": {"windows": 2, "beams": 1, "integration": 1, "polarization": 1, "bandwidth": 3, "mode": 3, "receiver": 6, "switching": 3, "backend": 6}}, {"pk": 180, "model": "calculator.configuration", "fields": {"windows": 2, "beams": 1, "integration": 1, "polarization": 1, "bandwidth": 3, "mode": 3, "receiver": 7, "switching": 3, "backend": 6}}, {"pk": 181, "model": "calculator.configuration", "fields": {"windows": 2, "beams": 1, "integration": 1, "polarization": 1, "bandwidth": 3, "mode": 3, "receiver": 8, "switching": 3, "backend": 6}}, {"pk": 182, "model": "calculator.configuration", "fields": {"windows": 2, "beams": 1, "integration": 1, "polarization": 1, "bandwidth": 3, "mode": 3, "receiver": 9, "switching": 3, "backend": 6}}, {"pk": 183, "model": "calculator.configuration", "fields": {"windows": 2, "beams": 1, "integration": 1, "polarization": 1, "bandwidth": 3, "mode": 3, "receiver": 10, "switching": 3, "backend": 6}}, {"pk": 184, "model": "calculator.configuration", "fields": {"windows": 2, "beams": 1, "integration": 1, "polarization": 1, "bandwidth": 3, "mode": 3, "receiver": 11, "switching": 3, "backend": 6}}, {"pk": 185, "model": "calculator.configuration", "fields": {"windows": 2, "beams": 1, "integration": 1, "polarization": 1, "bandwidth": 3, "mode": 3, "receiver": 12, "switching": 3, "backend": 6}}, {"pk": 186, "model": "calculator.configuration", "fields": {"windows": 2, "beams": 1, "integration": 1, "polarization": 1, "bandwidth": 3, "mode": 3, "receiver": 13, "switching": 3, "backend": 6}}, {"pk": 187, "model": "calculator.configuration", "fields": {"windows": 3, "beams": 1, "integration": 1, "polarization": 1, "bandwidth": 3, "mode": 3, "receiver": 1, "switching": 3, "backend": 6}}, {"pk": 188, "model": "calculator.configuration", "fields": {"windows": 3, "beams": 1, "integration": 1, "polarization": 1, "bandwidth": 3, "mode": 3, "receiver": 2, "switching": 3, "backend": 6}}, {"pk": 189, "model": "calculator.configuration", "fields": {"windows": 3, "beams": 1, "integration": 1, "polarization": 1, "bandwidth": 3, "mode": 3, "receiver": 3, "switching": 3, "backend": 6}}, {"pk": 190, "model": "calculator.configuration", "fields": {"windows": 3, "beams": 1, "integration": 1, "polarization": 1, "bandwidth": 3, "mode": 3, "receiver": 4, "switching": 3, "backend": 6}}, {"pk": 191, "model": "calculator.configuration", "fields": {"windows": 3, "beams": 1, "integration": 1, "polarization": 1, "bandwidth": 3, "mode": 3, "receiver": 5, "switching": 3, "backend": 6}}, {"pk": 192, "model": "calculator.configuration", "fields": {"windows": 3, "beams": 1, "integration": 1, "polarization": 1, "bandwidth": 3, "mode": 3, "receiver": 6, "switching": 3, "backend": 6}}, {"pk": 193, "model": "calculator.configuration", "fields": {"windows": 3, "beams": 1, "integration": 1, "polarization": 1, "bandwidth": 3, "mode": 3, "receiver": 7, "switching": 3, "backend": 6}}, {"pk": 194, "model": "calculator.configuration", "fields": {"windows": 3, "beams": 1, "integration": 1, "polarization": 1, "bandwidth": 3, "mode": 3, "receiver": 8, "switching": 3, "backend": 6}}, {"pk": 195, "model": "calculator.configuration", "fields": {"windows": 3, "beams": 1, "integration": 1, "polarization": 1, "bandwidth": 3, "mode": 3, "receiver": 9, "switching": 3, "backend": 6}}, {"pk": 196, "model": "calculator.configuration", "fields": {"windows": 3, "beams": 1, "integration": 1, "polarization": 1, "bandwidth": 3, "mode": 3, "receiver": 10, "switching": 3, "backend": 6}}, {"pk": 197, "model": "calculator.configuration", "fields": {"windows": 3, "beams": 1, "integration": 1, "polarization": 1, "bandwidth": 3, "mode": 3, "receiver": 11, "switching": 3, "backend": 6}}, {"pk": 198, "model": "calculator.configuration", "fields": {"windows": 3, "beams": 1, "integration": 1, "polarization": 1, "bandwidth": 3, "mode": 3, "receiver": 12, "switching": 3, "backend": 6}}, {"pk": 199, "model": "calculator.configuration", "fields": {"windows": 3, "beams": 1, "integration": 1, "polarization": 1, "bandwidth": 3, "mode": 3, "receiver": 13, "switching": 3, "backend": 6}}, {"pk": 200, "model": "calculator.configuration", "fields": {"windows": 4, "beams": 1, "integration": 1, "polarization": 1, "bandwidth": 3, "mode": 3, "receiver": 1, "switching": 3, "backend": 6}}, {"pk": 201, "model": "calculator.configuration", "fields": {"windows": 4, "beams": 1, "integration": 1, "polarization": 1, "bandwidth": 3, "mode": 3, "receiver": 2, "switching": 3, "backend": 6}}, {"pk": 202, "model": "calculator.configuration", "fields": {"windows": 4, "beams": 1, "integration": 1, "polarization": 1, "bandwidth": 3, "mode": 3, "receiver": 3, "switching": 3, "backend": 6}}, {"pk": 203, "model": "calculator.configuration", "fields": {"windows": 4, "beams": 1, "integration": 1, "polarization": 1, "bandwidth": 3, "mode": 3, "receiver": 4, "switching": 3, "backend": 6}}, {"pk": 204, "model": "calculator.configuration", "fields": {"windows": 4, "beams": 1, "integration": 1, "polarization": 1, "bandwidth": 3, "mode": 3, "receiver": 5, "switching": 3, "backend": 6}}, {"pk": 205, "model": "calculator.configuration", "fields": {"windows": 4, "beams": 1, "integration": 1, "polarization": 1, "bandwidth": 3, "mode": 3, "receiver": 6, "switching": 3, "backend": 6}}, {"pk": 206, "model": "calculator.configuration", "fields": {"windows": 4, "beams": 1, "integration": 1, "polarization": 1, "bandwidth": 3, "mode": 3, "receiver": 7, "switching": 3, "backend": 6}}, {"pk": 207, "model": "calculator.configuration", "fields": {"windows": 4, "beams": 1, "integration": 1, "polarization": 1, "bandwidth": 3, "mode": 3, "receiver": 8, "switching": 3, "backend": 6}}, {"pk": 208, "model": "calculator.configuration", "fields": {"windows": 4, "beams": 1, "integration": 1, "polarization": 1, "bandwidth": 3, "mode": 3, "receiver": 9, "switching": 3, "backend": 6}}, {"pk": 209, "model": "calculator.configuration", "fields": {"windows": 4, "beams": 1, "integration": 1, "polarization": 1, "bandwidth": 3, "mode": 3, "receiver": 10, "switching": 3, "backend": 6}}, {"pk": 210, "model": "calculator.configuration", "fields": {"windows": 4, "beams": 1, "integration": 1, "polarization": 1, "bandwidth": 3, "mode": 3, "receiver": 11, "switching": 3, "backend": 6}}, {"pk": 211, "model": "calculator.configuration", "fields": {"windows": 4, "beams": 1, "integration": 1, "polarization": 1, "bandwidth": 3, "mode": 3, "receiver": 12, "switching": 3, "backend": 6}}, {"pk": 212, "model": "calculator.configuration", "fields": {"windows": 4, "beams": 1, "integration": 1, "polarization": 1, "bandwidth": 3, "mode": 3, "receiver": 13, "switching": 3, "backend": 6}}, {"pk": 213, "model": "calculator.configuration", "fields": {"windows": 5, "beams": 1, "integration": 1, "polarization": 1, "bandwidth": 3, "mode": 3, "receiver": 1, "switching": 3, "backend": 6}}, {"pk": 214, "model": "calculator.configuration", "fields": {"windows": 5, "beams": 1, "integration": 1, "polarization": 1, "bandwidth": 3, "mode": 3, "receiver": 2, "switching": 3, "backend": 6}}, {"pk": 215, "model": "calculator.configuration", "fields": {"windows": 5, "beams": 1, "integration": 1, "polarization": 1, "bandwidth": 3, "mode": 3, "receiver": 3, "switching": 3, "backend": 6}}, {"pk": 216, "model": "calculator.configuration", "fields": {"windows": 5, "beams": 1, "integration": 1, "polarization": 1, "bandwidth": 3, "mode": 3, "receiver": 4, "switching": 3, "backend": 6}}, {"pk": 217, "model": "calculator.configuration", "fields": {"windows": 5, "beams": 1, "integration": 1, "polarization": 1, "bandwidth": 3, "mode": 3, "receiver": 5, "switching": 3, "backend": 6}}, {"pk": 218, "model": "calculator.configuration", "fields": {"windows": 5, "beams": 1, "integration": 1, "polarization": 1, "bandwidth": 3, "mode": 3, "receiver": 6, "switching": 3, "backend": 6}}, {"pk": 219, "model": "calculator.configuration", "fields": {"windows": 5, "beams": 1, "integration": 1, "polarization": 1, "bandwidth": 3, "mode": 3, "receiver": 7, "switching": 3, "backend": 6}}, {"pk": 220, "model": "calculator.configuration", "fields": {"windows": 5, "beams": 1, "integration": 1, "polarization": 1, "bandwidth": 3, "mode": 3, "receiver": 8, "switching": 3, "backend": 6}}, {"pk": 221, "model": "calculator.configuration", "fields": {"windows": 5, "beams": 1, "integration": 1, "polarization": 1, "bandwidth": 3, "mode": 3, "receiver": 9, "switching": 3, "backend": 6}}, {"pk": 222, "model": "calculator.configuration", "fields": {"windows": 5, "beams": 1, "integration": 1, "polarization": 1, "bandwidth": 3, "mode": 3, "receiver": 10, "switching": 3, "backend": 6}}, {"pk": 223, "model": "calculator.configuration", "fields": {"windows": 5, "beams": 1, "integration": 1, "polarization": 1, "bandwidth": 3, "mode": 3, "receiver": 11, "switching": 3, "backend": 6}}, {"pk": 224, "model": "calculator.configuration", "fields": {"windows": 5, "beams": 1, "integration": 1, "polarization": 1, "bandwidth": 3, "mode": 3, "receiver": 12, "switching": 3, "backend": 6}}, {"pk": 225, "model": "calculator.configuration", "fields": {"windows": 5, "beams": 1, "integration": 1, "polarization": 1, "bandwidth": 3, "mode": 3, "receiver": 13, "switching": 3, "backend": 6}}, {"pk": 226, "model": "calculator.configuration", "fields": {"windows": 6, "beams": 1, "integration": 1, "polarization": 1, "bandwidth": 3, "mode": 3, "receiver": 1, "switching": 3, "backend": 6}}, {"pk": 227, "model": "calculator.configuration", "fields": {"windows": 6, "beams": 1, "integration": 1, "polarization": 1, "bandwidth": 3, "mode": 3, "receiver": 2, "switching": 3, "backend": 6}}, {"pk": 228, "model": "calculator.configuration", "fields": {"windows": 6, "beams": 1, "integration": 1, "polarization": 1, "bandwidth": 3, "mode": 3, "receiver": 3, "switching": 3, "backend": 6}}, {"pk": 229, "model": "calculator.configuration", "fields": {"windows": 6, "beams": 1, "integration": 1, "polarization": 1, "bandwidth": 3, "mode": 3, "receiver": 4, "switching": 3, "backend": 6}}, {"pk": 230, "model": "calculator.configuration", "fields": {"windows": 6, "beams": 1, "integration": 1, "polarization": 1, "bandwidth": 3, "mode": 3, "receiver": 5, "switching": 3, "backend": 6}}, {"pk": 231, "model": "calculator.configuration", "fields": {"windows": 6, "beams": 1, "integration": 1, "polarization": 1, "bandwidth": 3, "mode": 3, "receiver": 6, "switching": 3, "backend": 6}}, {"pk": 232, "model": "calculator.configuration", "fields": {"windows": 6, "beams": 1, "integration": 1, "polarization": 1, "bandwidth": 3, "mode": 3, "receiver": 7, "switching": 3, "backend": 6}}, {"pk": 233, "model": "calculator.configuration", "fields": {"windows": 6, "beams": 1, "integration": 1, "polarization": 1, "bandwidth": 3, "mode": 3, "receiver": 8, "switching": 3, "backend": 6}}, {"pk": 234, "model": "calculator.configuration", "fields": {"windows": 6, "beams": 1, "integration": 1, "polarization": 1, "bandwidth": 3, "mode": 3, "receiver": 9, "switching": 3, "backend": 6}}, {"pk": 235, "model": "calculator.configuration", "fields": {"windows": 6, "beams": 1, "integration": 1, "polarization": 1, "bandwidth": 3, "mode": 3, "receiver": 10, "switching": 3, "backend": 6}}, {"pk": 236, "model": "calculator.configuration", "fields": {"windows": 6, "beams": 1, "integration": 1, "polarization": 1, "bandwidth": 3, "mode": 3, "receiver": 11, "switching": 3, "backend": 6}}, {"pk": 237, "model": "calculator.configuration", "fields": {"windows": 6, "beams": 1, "integration": 1, "polarization": 1, "bandwidth": 3, "mode": 3, "receiver": 12, "switching": 3, "backend": 6}}, {"pk": 238, "model": "calculator.configuration", "fields": {"windows": 6, "beams": 1, "integration": 1, "polarization": 1, "bandwidth": 3, "mode": 3, "receiver": 13, "switching": 3, "backend": 6}}, {"pk": 239, "model": "calculator.configuration", "fields": {"windows": 7, "beams": 1, "integration": 1, "polarization": 1, "bandwidth": 3, "mode": 3, "receiver": 1, "switching": 3, "backend": 6}}, {"pk": 240, "model": "calculator.configuration", "fields": {"windows": 7, "beams": 1, "integration": 1, "polarization": 1, "bandwidth": 3, "mode": 3, "receiver": 2, "switching": 3, "backend": 6}}, {"pk": 241, "model": "calculator.configuration", "fields": {"windows": 7, "beams": 1, "integration": 1, "polarization": 1, "bandwidth": 3, "mode": 3, "receiver": 3, "switching": 3, "backend": 6}}, {"pk": 242, "model": "calculator.configuration", "fields": {"windows": 7, "beams": 1, "integration": 1, "polarization": 1, "bandwidth": 3, "mode": 3, "receiver": 4, "switching": 3, "backend": 6}}, {"pk": 243, "model": "calculator.configuration", "fields": {"windows": 7, "beams": 1, "integration": 1, "polarization": 1, "bandwidth": 3, "mode": 3, "receiver": 5, "switching": 3, "backend": 6}}, {"pk": 244, "model": "calculator.configuration", "fields": {"windows": 7, "beams": 1, "integration": 1, "polarization": 1, "bandwidth": 3, "mode": 3, "receiver": 6, "switching": 3, "backend": 6}}, {"pk": 245, "model": "calculator.configuration", "fields": {"windows": 7, "beams": 1, "integration": 1, "polarization": 1, "bandwidth": 3, "mode": 3, "receiver": 7, "switching": 3, "backend": 6}}, {"pk": 246, "model": "calculator.configuration", "fields": {"windows": 7, "beams": 1, "integration": 1, "polarization": 1, "bandwidth": 3, "mode": 3, "receiver": 8, "switching": 3, "backend": 6}}, {"pk": 247, "model": "calculator.configuration", "fields": {"windows": 7, "beams": 1, "integration": 1, "polarization": 1, "bandwidth": 3, "mode": 3, "receiver": 9, "switching": 3, "backend": 6}}, {"pk": 248, "model": "calculator.configuration", "fields": {"windows": 7, "beams": 1, "integration": 1, "polarization": 1, "bandwidth": 3, "mode": 3, "receiver": 10, "switching": 3, "backend": 6}}, {"pk": 249, "model": "calculator.configuration", "fields": {"windows": 7, "beams": 1, "integration": 1, "polarization": 1, "bandwidth": 3, "mode": 3, "receiver": 11, "switching": 3, "backend": 6}}, {"pk": 250, "model": "calculator.configuration", "fields": {"windows": 7, "beams": 1, "integration": 1, "polarization": 1, "bandwidth": 3, "mode": 3, "receiver": 12, "switching": 3, "backend": 6}}, {"pk": 251, "model": "calculator.configuration", "fields": {"windows": 7, "beams": 1, "integration": 1, "polarization": 1, "bandwidth": 3, "mode": 3, "receiver": 13, "switching": 3, "backend": 6}}, {"pk": 252, "model": "calculator.configuration", "fields": {"windows": 8, "beams": 1, "integration": 1, "polarization": 1, "bandwidth": 3, "mode": 3, "receiver": 1, "switching": 3, "backend": 6}}, {"pk": 253, "model": "calculator.configuration", "fields": {"windows": 8, "beams": 1, "integration": 1, "polarization": 1, "bandwidth": 3, "mode": 3, "receiver": 2, "switching": 3, "backend": 6}}, {"pk": 254, "model": "calculator.configuration", "fields": {"windows": 8, "beams": 1, "integration": 1, "polarization": 1, "bandwidth": 3, "mode": 3, "receiver": 3, "switching": 3, "backend": 6}}, {"pk": 255, "model": "calculator.configuration", "fields": {"windows": 8, "beams": 1, "integration": 1, "polarization": 1, "bandwidth": 3, "mode": 3, "receiver": 4, "switching": 3, "backend": 6}}, {"pk": 256, "model": "calculator.configuration", "fields": {"windows": 8, "beams": 1, "integration": 1, "polarization": 1, "bandwidth": 3, "mode": 3, "receiver": 5, "switching": 3, "backend": 6}}, {"pk": 257, "model": "calculator.configuration", "fields": {"windows": 8, "beams": 1, "integration": 1, "polarization": 1, "bandwidth": 3, "mode": 3, "receiver": 6, "switching": 3, "backend": 6}}, {"pk": 258, "model": "calculator.configuration", "fields": {"windows": 8, "beams": 1, "integration": 1, "polarization": 1, "bandwidth": 3, "mode": 3, "receiver": 7, "switching": 3, "backend": 6}}, {"pk": 259, "model": "calculator.configuration", "fields": {"windows": 8, "beams": 1, "integration": 1, "polarization": 1, "bandwidth": 3, "mode": 3, "receiver": 8, "switching": 3, "backend": 6}}, {"pk": 260, "model": "calculator.configuration", "fields": {"windows": 8, "beams": 1, "integration": 1, "polarization": 1, "bandwidth": 3, "mode": 3, "receiver": 9, "switching": 3, "backend": 6}}, {"pk": 261, "model": "calculator.configuration", "fields": {"windows": 8, "beams": 1, "integration": 1, "polarization": 1, "bandwidth": 3, "mode": 3, "receiver": 10, "switching": 3, "backend": 6}}, {"pk": 262, "model": "calculator.configuration", "fields": {"windows": 8, "beams": 1, "integration": 1, "polarization": 1, "bandwidth": 3, "mode": 3, "receiver": 11, "switching": 3, "backend": 6}}, {"pk": 263, "model": "calculator.configuration", "fields": {"windows": 8, "beams": 1, "integration": 1, "polarization": 1, "bandwidth": 3, "mode": 3, "receiver": 12, "switching": 3, "backend": 6}}, {"pk": 264, "model": "calculator.configuration", "fields": {"windows": 8, "beams": 1, "integration": 1, "polarization": 1, "bandwidth": 3, "mode": 3, "receiver": 13, "switching": 3, "backend": 6}}, {"pk": 265, "model": "calculator.configuration", "fields": {"windows": 9, "beams": 1, "integration": 1, "polarization": 1, "bandwidth": 3, "mode": 3, "receiver": 1, "switching": 3, "backend": 6}}, {"pk": 266, "model": "calculator.configuration", "fields": {"windows": 9, "beams": 1, "integration": 1, "polarization": 1, "bandwidth": 3, "mode": 3, "receiver": 2, "switching": 3, "backend": 6}}, {"pk": 267, "model": "calculator.configuration", "fields": {"windows": 9, "beams": 1, "integration": 1, "polarization": 1, "bandwidth": 3, "mode": 3, "receiver": 3, "switching": 3, "backend": 6}}, {"pk": 268, "model": "calculator.configuration", "fields": {"windows": 9, "beams": 1, "integration": 1, "polarization": 1, "bandwidth": 3, "mode": 3, "receiver": 4, "switching": 3, "backend": 6}}, {"pk": 269, "model": "calculator.configuration", "fields": {"windows": 9, "beams": 1, "integration": 1, "polarization": 1, "bandwidth": 3, "mode": 3, "receiver": 5, "switching": 3, "backend": 6}}, {"pk": 270, "model": "calculator.configuration", "fields": {"windows": 9, "beams": 1, "integration": 1, "polarization": 1, "bandwidth": 3, "mode": 3, "receiver": 6, "switching": 3, "backend": 6}}, {"pk": 271, "model": "calculator.configuration", "fields": {"windows": 9, "beams": 1, "integration": 1, "polarization": 1, "bandwidth": 3, "mode": 3, "receiver": 7, "switching": 3, "backend": 6}}, {"pk": 272, "model": "calculator.configuration", "fields": {"windows": 9, "beams": 1, "integration": 1, "polarization": 1, "bandwidth": 3, "mode": 3, "receiver": 8, "switching": 3, "backend": 6}}, {"pk": 273, "model": "calculator.configuration", "fields": {"windows": 9, "beams": 1, "integration": 1, "polarization": 1, "bandwidth": 3, "mode": 3, "receiver": 9, "switching": 3, "backend": 6}}, {"pk": 274, "model": "calculator.configuration", "fields": {"windows": 9, "beams": 1, "integration": 1, "polarization": 1, "bandwidth": 3, "mode": 3, "receiver": 10, "switching": 3, "backend": 6}}, {"pk": 275, "model": "calculator.configuration", "fields": {"windows": 9, "beams": 1, "integration": 1, "polarization": 1, "bandwidth": 3, "mode": 3, "receiver": 11, "switching": 3, "backend": 6}}, {"pk": 276, "model": "calculator.configuration", "fields": {"windows": 9, "beams": 1, "integration": 1, "polarization": 1, "bandwidth": 3, "mode": 3, "receiver": 12, "switching": 3, "backend": 6}}, {"pk": 277, "model": "calculator.configuration", "fields": {"windows": 9, "beams": 1, "integration": 1, "polarization": 1, "bandwidth": 3, "mode": 3, "receiver": 13, "switching": 3, "backend": 6}}, {"pk": 291, "model": "calculator.configuration", "fields": {"windows": 2, "beams": 1, "integration": 1, "polarization": 1, "bandwidth": 3, "mode": 3, "receiver": 1, "switching": 4, "backend": 6}}, {"pk": 292, "model": "calculator.configuration", "fields": {"windows": 2, "beams": 1, "integration": 1, "polarization": 1, "bandwidth": 3, "mode": 3, "receiver": 2, "switching": 4, "backend": 6}}, {"pk": 293, "model": "calculator.configuration", "fields": {"windows": 2, "beams": 1, "integration": 1, "polarization": 1, "bandwidth": 3, "mode": 3, "receiver": 3, "switching": 4, "backend": 6}}, {"pk": 294, "model": "calculator.configuration", "fields": {"windows": 2, "beams": 1, "integration": 1, "polarization": 1, "bandwidth": 3, "mode": 3, "receiver": 4, "switching": 4, "backend": 6}}, {"pk": 295, "model": "calculator.configuration", "fields": {"windows": 2, "beams": 1, "integration": 1, "polarization": 1, "bandwidth": 3, "mode": 3, "receiver": 5, "switching": 4, "backend": 6}}, {"pk": 296, "model": "calculator.configuration", "fields": {"windows": 2, "beams": 1, "integration": 1, "polarization": 1, "bandwidth": 3, "mode": 3, "receiver": 6, "switching": 4, "backend": 6}}, {"pk": 297, "model": "calculator.configuration", "fields": {"windows": 2, "beams": 1, "integration": 1, "polarization": 1, "bandwidth": 3, "mode": 3, "receiver": 7, "switching": 4, "backend": 6}}, {"pk": 298, "model": "calculator.configuration", "fields": {"windows": 2, "beams": 1, "integration": 1, "polarization": 1, "bandwidth": 3, "mode": 3, "receiver": 8, "switching": 4, "backend": 6}}, {"pk": 299, "model": "calculator.configuration", "fields": {"windows": 2, "beams": 1, "integration": 1, "polarization": 1, "bandwidth": 3, "mode": 3, "receiver": 9, "switching": 4, "backend": 6}}, {"pk": 300, "model": "calculator.configuration", "fields": {"windows": 2, "beams": 1, "integration": 1, "polarization": 1, "bandwidth": 3, "mode": 3, "receiver": 10, "switching": 4, "backend": 6}}, {"pk": 301, "model": "calculator.configuration", "fields": {"windows": 2, "beams": 1, "integration": 1, "polarization": 1, "bandwidth": 3, "mode": 3, "receiver": 11, "switching": 4, "backend": 6}}, {"pk": 302, "model": "calculator.configuration", "fields": {"windows": 2, "beams": 1, "integration": 1, "polarization": 1, "bandwidth": 3, "mode": 3, "receiver": 12, "switching": 4, "backend": 6}}, {"pk": 303, "model": "calculator.configuration", "fields": {"windows": 2, "beams": 1, "integration": 1, "polarization": 1, "bandwidth": 3, "mode": 3, "receiver": 13, "switching": 4, "backend": 6}}, {"pk": 304, "model": "calculator.configuration", "fields": {"windows": 3, "beams": 1, "integration": 1, "polarization": 1, "bandwidth": 3, "mode": 3, "receiver": 1, "switching": 4, "backend": 6}}, {"pk": 305, "model": "calculator.configuration", "fields": {"windows": 3, "beams": 1, "integration": 1, "polarization": 1, "bandwidth": 3, "mode": 3, "receiver": 2, "switching": 4, "backend": 6}}, {"pk": 306, "model": "calculator.configuration", "fields": {"windows": 3, "beams": 1, "integration": 1, "polarization": 1, "bandwidth": 3, "mode": 3, "receiver": 3, "switching": 4, "backend": 6}}, {"pk": 307, "model": "calculator.configuration", "fields": {"windows": 3, "beams": 1, "integration": 1, "polarization": 1, "bandwidth": 3, "mode": 3, "receiver": 4, "switching": 4, "backend": 6}}, {"pk": 308, "model": "calculator.configuration", "fields": {"windows": 3, "beams": 1, "integration": 1, "polarization": 1, "bandwidth": 3, "mode": 3, "receiver": 5, "switching": 4, "backend": 6}}, {"pk": 309, "model": "calculator.configuration", "fields": {"windows": 3, "beams": 1, "integration": 1, "polarization": 1, "bandwidth": 3, "mode": 3, "receiver": 6, "switching": 4, "backend": 6}}, {"pk": 310, "model": "calculator.configuration", "fields": {"windows": 3, "beams": 1, "integration": 1, "polarization": 1, "bandwidth": 3, "mode": 3, "receiver": 7, "switching": 4, "backend": 6}}, {"pk": 311, "model": "calculator.configuration", "fields": {"windows": 3, "beams": 1, "integration": 1, "polarization": 1, "bandwidth": 3, "mode": 3, "receiver": 8, "switching": 4, "backend": 6}}, {"pk": 312, "model": "calculator.configuration", "fields": {"windows": 3, "beams": 1, "integration": 1, "polarization": 1, "bandwidth": 3, "mode": 3, "receiver": 9, "switching": 4, "backend": 6}}, {"pk": 313, "model": "calculator.configuration", "fields": {"windows": 3, "beams": 1, "integration": 1, "polarization": 1, "bandwidth": 3, "mode": 3, "receiver": 10, "switching": 4, "backend": 6}}, {"pk": 314, "model": "calculator.configuration", "fields": {"windows": 3, "beams": 1, "integration": 1, "polarization": 1, "bandwidth": 3, "mode": 3, "receiver": 11, "switching": 4, "backend": 6}}, {"pk": 315, "model": "calculator.configuration", "fields": {"windows": 3, "beams": 1, "integration": 1, "polarization": 1, "bandwidth": 3, "mode": 3, "receiver": 12, "switching": 4, "backend": 6}}, {"pk": 316, "model": "calculator.configuration", "fields": {"windows": 3, "beams": 1, "integration": 1, "polarization": 1, "bandwidth": 3, "mode": 3, "receiver": 13, "switching": 4, "backend": 6}}, {"pk": 317, "model": "calculator.configuration", "fields": {"windows": 4, "beams": 1, "integration": 1, "polarization": 1, "bandwidth": 3, "mode": 3, "receiver": 1, "switching": 4, "backend": 6}}, {"pk": 318, "model": "calculator.configuration", "fields": {"windows": 4, "beams": 1, "integration": 1, "polarization": 1, "bandwidth": 3, "mode": 3, "receiver": 2, "switching": 4, "backend": 6}}, {"pk": 319, "model": "calculator.configuration", "fields": {"windows": 4, "beams": 1, "integration": 1, "polarization": 1, "bandwidth": 3, "mode": 3, "receiver": 3, "switching": 4, "backend": 6}}, {"pk": 320, "model": "calculator.configuration", "fields": {"windows": 4, "beams": 1, "integration": 1, "polarization": 1, "bandwidth": 3, "mode": 3, "receiver": 4, "switching": 4, "backend": 6}}, {"pk": 321, "model": "calculator.configuration", "fields": {"windows": 4, "beams": 1, "integration": 1, "polarization": 1, "bandwidth": 3, "mode": 3, "receiver": 5, "switching": 4, "backend": 6}}, {"pk": 322, "model": "calculator.configuration", "fields": {"windows": 4, "beams": 1, "integration": 1, "polarization": 1, "bandwidth": 3, "mode": 3, "receiver": 6, "switching": 4, "backend": 6}}, {"pk": 323, "model": "calculator.configuration", "fields": {"windows": 4, "beams": 1, "integration": 1, "polarization": 1, "bandwidth": 3, "mode": 3, "receiver": 7, "switching": 4, "backend": 6}}, {"pk": 324, "model": "calculator.configuration", "fields": {"windows": 4, "beams": 1, "integration": 1, "polarization": 1, "bandwidth": 3, "mode": 3, "receiver": 8, "switching": 4, "backend": 6}}, {"pk": 325, "model": "calculator.configuration", "fields": {"windows": 4, "beams": 1, "integration": 1, "polarization": 1, "bandwidth": 3, "mode": 3, "receiver": 9, "switching": 4, "backend": 6}}, {"pk": 326, "model": "calculator.configuration", "fields": {"windows": 4, "beams": 1, "integration": 1, "polarization": 1, "bandwidth": 3, "mode": 3, "receiver": 10, "switching": 4, "backend": 6}}, {"pk": 327, "model": "calculator.configuration", "fields": {"windows": 4, "beams": 1, "integration": 1, "polarization": 1, "bandwidth": 3, "mode": 3, "receiver": 11, "switching": 4, "backend": 6}}, {"pk": 328, "model": "calculator.configuration", "fields": {"windows": 4, "beams": 1, "integration": 1, "polarization": 1, "bandwidth": 3, "mode": 3, "receiver": 12, "switching": 4, "backend": 6}}, {"pk": 329, "model": "calculator.configuration", "fields": {"windows": 4, "beams": 1, "integration": 1, "polarization": 1, "bandwidth": 3, "mode": 3, "receiver": 13, "switching": 4, "backend": 6}}, {"pk": 330, "model": "calculator.configuration", "fields": {"windows": 5, "beams": 1, "integration": 1, "polarization": 1, "bandwidth": 3, "mode": 3, "receiver": 1, "switching": 4, "backend": 6}}, {"pk": 331, "model": "calculator.configuration", "fields": {"windows": 5, "beams": 1, "integration": 1, "polarization": 1, "bandwidth": 3, "mode": 3, "receiver": 2, "switching": 4, "backend": 6}}, {"pk": 332, "model": "calculator.configuration", "fields": {"windows": 5, "beams": 1, "integration": 1, "polarization": 1, "bandwidth": 3, "mode": 3, "receiver": 3, "switching": 4, "backend": 6}}, {"pk": 333, "model": "calculator.configuration", "fields": {"windows": 5, "beams": 1, "integration": 1, "polarization": 1, "bandwidth": 3, "mode": 3, "receiver": 4, "switching": 4, "backend": 6}}, {"pk": 334, "model": "calculator.configuration", "fields": {"windows": 5, "beams": 1, "integration": 1, "polarization": 1, "bandwidth": 3, "mode": 3, "receiver": 5, "switching": 4, "backend": 6}}, {"pk": 335, "model": "calculator.configuration", "fields": {"windows": 5, "beams": 1, "integration": 1, "polarization": 1, "bandwidth": 3, "mode": 3, "receiver": 6, "switching": 4, "backend": 6}}, {"pk": 336, "model": "calculator.configuration", "fields": {"windows": 5, "beams": 1, "integration": 1, "polarization": 1, "bandwidth": 3, "mode": 3, "receiver": 7, "switching": 4, "backend": 6}}, {"pk": 337, "model": "calculator.configuration", "fields": {"windows": 5, "beams": 1, "integration": 1, "polarization": 1, "bandwidth": 3, "mode": 3, "receiver": 8, "switching": 4, "backend": 6}}, {"pk": 338, "model": "calculator.configuration", "fields": {"windows": 5, "beams": 1, "integration": 1, "polarization": 1, "bandwidth": 3, "mode": 3, "receiver": 9, "switching": 4, "backend": 6}}, {"pk": 339, "model": "calculator.configuration", "fields": {"windows": 5, "beams": 1, "integration": 1, "polarization": 1, "bandwidth": 3, "mode": 3, "receiver": 10, "switching": 4, "backend": 6}}, {"pk": 340, "model": "calculator.configuration", "fields": {"windows": 5, "beams": 1, "integration": 1, "polarization": 1, "bandwidth": 3, "mode": 3, "receiver": 11, "switching": 4, "backend": 6}}, {"pk": 341, "model": "calculator.configuration", "fields": {"windows": 5, "beams": 1, "integration": 1, "polarization": 1, "bandwidth": 3, "mode": 3, "receiver": 12, "switching": 4, "backend": 6}}, {"pk": 342, "model": "calculator.configuration", "fields": {"windows": 5, "beams": 1, "integration": 1, "polarization": 1, "bandwidth": 3, "mode": 3, "receiver": 13, "switching": 4, "backend": 6}}, {"pk": 343, "model": "calculator.configuration", "fields": {"windows": 6, "beams": 1, "integration": 1, "polarization": 1, "bandwidth": 3, "mode": 3, "receiver": 1, "switching": 4, "backend": 6}}, {"pk": 344, "model": "calculator.configuration", "fields": {"windows": 6, "beams": 1, "integration": 1, "polarization": 1, "bandwidth": 3, "mode": 3, "receiver": 2, "switching": 4, "backend": 6}}, {"pk": 345, "model": "calculator.configuration", "fields": {"windows": 6, "beams": 1, "integration": 1, "polarization": 1, "bandwidth": 3, "mode": 3, "receiver": 3, "switching": 4, "backend": 6}}, {"pk": 346, "model": "calculator.configuration", "fields": {"windows": 6, "beams": 1, "integration": 1, "polarization": 1, "bandwidth": 3, "mode": 3, "receiver": 4, "switching": 4, "backend": 6}}, {"pk": 347, "model": "calculator.configuration", "fields": {"windows": 6, "beams": 1, "integration": 1, "polarization": 1, "bandwidth": 3, "mode": 3, "receiver": 5, "switching": 4, "backend": 6}}, {"pk": 348, "model": "calculator.configuration", "fields": {"windows": 6, "beams": 1, "integration": 1, "polarization": 1, "bandwidth": 3, "mode": 3, "receiver": 6, "switching": 4, "backend": 6}}, {"pk": 349, "model": "calculator.configuration", "fields": {"windows": 6, "beams": 1, "integration": 1, "polarization": 1, "bandwidth": 3, "mode": 3, "receiver": 7, "switching": 4, "backend": 6}}, {"pk": 350, "model": "calculator.configuration", "fields": {"windows": 6, "beams": 1, "integration": 1, "polarization": 1, "bandwidth": 3, "mode": 3, "receiver": 8, "switching": 4, "backend": 6}}, {"pk": 351, "model": "calculator.configuration", "fields": {"windows": 6, "beams": 1, "integration": 1, "polarization": 1, "bandwidth": 3, "mode": 3, "receiver": 9, "switching": 4, "backend": 6}}, {"pk": 352, "model": "calculator.configuration", "fields": {"windows": 6, "beams": 1, "integration": 1, "polarization": 1, "bandwidth": 3, "mode": 3, "receiver": 10, "switching": 4, "backend": 6}}, {"pk": 353, "model": "calculator.configuration", "fields": {"windows": 6, "beams": 1, "integration": 1, "polarization": 1, "bandwidth": 3, "mode": 3, "receiver": 11, "switching": 4, "backend": 6}}, {"pk": 354, "model": "calculator.configuration", "fields": {"windows": 6, "beams": 1, "integration": 1, "polarization": 1, "bandwidth": 3, "mode": 3, "receiver": 12, "switching": 4, "backend": 6}}, {"pk": 355, "model": "calculator.configuration", "fields": {"windows": 6, "beams": 1, "integration": 1, "polarization": 1, "bandwidth": 3, "mode": 3, "receiver": 13, "switching": 4, "backend": 6}}, {"pk": 356, "model": "calculator.configuration", "fields": {"windows": 7, "beams": 1, "integration": 1, "polarization": 1, "bandwidth": 3, "mode": 3, "receiver": 1, "switching": 4, "backend": 6}}, {"pk": 357, "model": "calculator.configuration", "fields": {"windows": 7, "beams": 1, "integration": 1, "polarization": 1, "bandwidth": 3, "mode": 3, "receiver": 2, "switching": 4, "backend": 6}}, {"pk": 358, "model": "calculator.configuration", "fields": {"windows": 7, "beams": 1, "integration": 1, "polarization": 1, "bandwidth": 3, "mode": 3, "receiver": 3, "switching": 4, "backend": 6}}, {"pk": 359, "model": "calculator.configuration", "fields": {"windows": 7, "beams": 1, "integration": 1, "polarization": 1, "bandwidth": 3, "mode": 3, "receiver": 4, "switching": 4, "backend": 6}}, {"pk": 360, "model": "calculator.configuration", "fields": {"windows": 7, "beams": 1, "integration": 1, "polarization": 1, "bandwidth": 3, "mode": 3, "receiver": 5, "switching": 4, "backend": 6}}, {"pk": 361, "model": "calculator.configuration", "fields": {"windows": 7, "beams": 1, "integration": 1, "polarization": 1, "bandwidth": 3, "mode": 3, "receiver": 6, "switching": 4, "backend": 6}}, {"pk": 362, "model": "calculator.configuration", "fields": {"windows": 7, "beams": 1, "integration": 1, "polarization": 1, "bandwidth": 3, "mode": 3, "receiver": 7, "switching": 4, "backend": 6}}, {"pk": 363, "model": "calculator.configuration", "fields": {"windows": 7, "beams": 1, "integration": 1, "polarization": 1, "bandwidth": 3, "mode": 3, "receiver": 8, "switching": 4, "backend": 6}}, {"pk": 364, "model": "calculator.configuration", "fields": {"windows": 7, "beams": 1, "integration": 1, "polarization": 1, "bandwidth": 3, "mode": 3, "receiver": 9, "switching": 4, "backend": 6}}, {"pk": 365, "model": "calculator.configuration", "fields": {"windows": 7, "beams": 1, "integration": 1, "polarization": 1, "bandwidth": 3, "mode": 3, "receiver": 10, "switching": 4, "backend": 6}}, {"pk": 366, "model": "calculator.configuration", "fields": {"windows": 7, "beams": 1, "integration": 1, "polarization": 1, "bandwidth": 3, "mode": 3, "receiver": 11, "switching": 4, "backend": 6}}, {"pk": 367, "model": "calculator.configuration", "fields": {"windows": 7, "beams": 1, "integration": 1, "polarization": 1, "bandwidth": 3, "mode": 3, "receiver": 12, "switching": 4, "backend": 6}}, {"pk": 368, "model": "calculator.configuration", "fields": {"windows": 7, "beams": 1, "integration": 1, "polarization": 1, "bandwidth": 3, "mode": 3, "receiver": 13, "switching": 4, "backend": 6}}, {"pk": 369, "model": "calculator.configuration", "fields": {"windows": 8, "beams": 1, "integration": 1, "polarization": 1, "bandwidth": 3, "mode": 3, "receiver": 1, "switching": 4, "backend": 6}}, {"pk": 370, "model": "calculator.configuration", "fields": {"windows": 8, "beams": 1, "integration": 1, "polarization": 1, "bandwidth": 3, "mode": 3, "receiver": 2, "switching": 4, "backend": 6}}, {"pk": 371, "model": "calculator.configuration", "fields": {"windows": 8, "beams": 1, "integration": 1, "polarization": 1, "bandwidth": 3, "mode": 3, "receiver": 3, "switching": 4, "backend": 6}}, {"pk": 372, "model": "calculator.configuration", "fields": {"windows": 8, "beams": 1, "integration": 1, "polarization": 1, "bandwidth": 3, "mode": 3, "receiver": 4, "switching": 4, "backend": 6}}, {"pk": 373, "model": "calculator.configuration", "fields": {"windows": 8, "beams": 1, "integration": 1, "polarization": 1, "bandwidth": 3, "mode": 3, "receiver": 5, "switching": 4, "backend": 6}}, {"pk": 374, "model": "calculator.configuration", "fields": {"windows": 8, "beams": 1, "integration": 1, "polarization": 1, "bandwidth": 3, "mode": 3, "receiver": 6, "switching": 4, "backend": 6}}, {"pk": 375, "model": "calculator.configuration", "fields": {"windows": 8, "beams": 1, "integration": 1, "polarization": 1, "bandwidth": 3, "mode": 3, "receiver": 7, "switching": 4, "backend": 6}}, {"pk": 376, "model": "calculator.configuration", "fields": {"windows": 8, "beams": 1, "integration": 1, "polarization": 1, "bandwidth": 3, "mode": 3, "receiver": 8, "switching": 4, "backend": 6}}, {"pk": 377, "model": "calculator.configuration", "fields": {"windows": 8, "beams": 1, "integration": 1, "polarization": 1, "bandwidth": 3, "mode": 3, "receiver": 9, "switching": 4, "backend": 6}}, {"pk": 378, "model": "calculator.configuration", "fields": {"windows": 8, "beams": 1, "integration": 1, "polarization": 1, "bandwidth": 3, "mode": 3, "receiver": 10, "switching": 4, "backend": 6}}, {"pk": 379, "model": "calculator.configuration", "fields": {"windows": 8, "beams": 1, "integration": 1, "polarization": 1, "bandwidth": 3, "mode": 3, "receiver": 11, "switching": 4, "backend": 6}}, {"pk": 380, "model": "calculator.configuration", "fields": {"windows": 8, "beams": 1, "integration": 1, "polarization": 1, "bandwidth": 3, "mode": 3, "receiver": 12, "switching": 4, "backend": 6}}, {"pk": 381, "model": "calculator.configuration", "fields": {"windows": 8, "beams": 1, "integration": 1, "polarization": 1, "bandwidth": 3, "mode": 3, "receiver": 13, "switching": 4, "backend": 6}}, {"pk": 382, "model": "calculator.configuration", "fields": {"windows": 9, "beams": 1, "integration": 1, "polarization": 1, "bandwidth": 3, "mode": 3, "receiver": 1, "switching": 4, "backend": 6}}, {"pk": 383, "model": "calculator.configuration", "fields": {"windows": 9, "beams": 1, "integration": 1, "polarization": 1, "bandwidth": 3, "mode": 3, "receiver": 2, "switching": 4, "backend": 6}}, {"pk": 384, "model": "calculator.configuration", "fields": {"windows": 9, "beams": 1, "integration": 1, "polarization": 1, "bandwidth": 3, "mode": 3, "receiver": 3, "switching": 4, "backend": 6}}, {"pk": 385, "model": "calculator.configuration", "fields": {"windows": 9, "beams": 1, "integration": 1, "polarization": 1, "bandwidth": 3, "mode": 3, "receiver": 4, "switching": 4, "backend": 6}}, {"pk": 386, "model": "calculator.configuration", "fields": {"windows": 9, "beams": 1, "integration": 1, "polarization": 1, "bandwidth": 3, "mode": 3, "receiver": 5, "switching": 4, "backend": 6}}, {"pk": 387, "model": "calculator.configuration", "fields": {"windows": 9, "beams": 1, "integration": 1, "polarization": 1, "bandwidth": 3, "mode": 3, "receiver": 6, "switching": 4, "backend": 6}}, {"pk": 388, "model": "calculator.configuration", "fields": {"windows": 9, "beams": 1, "integration": 1, "polarization": 1, "bandwidth": 3, "mode": 3, "receiver": 7, "switching": 4, "backend": 6}}, {"pk": 389, "model": "calculator.configuration", "fields": {"windows": 9, "beams": 1, "integration": 1, "polarization": 1, "bandwidth": 3, "mode": 3, "receiver": 8, "switching": 4, "backend": 6}}, {"pk": 390, "model": "calculator.configuration", "fields": {"windows": 9, "beams": 1, "integration": 1, "polarization": 1, "bandwidth": 3, "mode": 3, "receiver": 9, "switching": 4, "backend": 6}}, {"pk": 391, "model": "calculator.configuration", "fields": {"windows": 9, "beams": 1, "integration": 1, "polarization": 1, "bandwidth": 3, "mode": 3, "receiver": 10, "switching": 4, "backend": 6}}, {"pk": 392, "model": "calculator.configuration", "fields": {"windows": 9, "beams": 1, "integration": 1, "polarization": 1, "bandwidth": 3, "mode": 3, "receiver": 11, "switching": 4, "backend": 6}}, {"pk": 393, "model": "calculator.configuration", "fields": {"windows": 9, "beams": 1, "integration": 1, "polarization": 1, "bandwidth": 3, "mode": 3, "receiver": 12, "switching": 4, "backend": 6}}, {"pk": 394, "model": "calculator.configuration", "fields": {"windows": 9, "beams": 1, "integration": 1, "polarization": 1, "bandwidth": 3, "mode": 3, "receiver": 13, "switching": 4, "backend": 6}}, {"pk": 408, "model": "calculator.configuration", "fields": {"windows": 2, "beams": 1, "integration": 1, "polarization": 1, "bandwidth": 3, "mode": 3, "receiver": 14, "switching": 2, "backend": 6}}, {"pk": 409, "model": "calculator.configuration", "fields": {"windows": 2, "beams": 1, "integration": 1, "polarization": 1, "bandwidth": 3, "mode": 3, "receiver": 15, "switching": 2, "backend": 6}}, {"pk": 410, "model": "calculator.configuration", "fields": {"windows": 2, "beams": 1, "integration": 1, "polarization": 1, "bandwidth": 3, "mode": 3, "receiver": 16, "switching": 2, "backend": 6}}, {"pk": 411, "model": "calculator.configuration", "fields": {"windows": 3, "beams": 1, "integration": 1, "polarization": 1, "bandwidth": 3, "mode": 3, "receiver": 14, "switching": 2, "backend": 6}}, {"pk": 412, "model": "calculator.configuration", "fields": {"windows": 3, "beams": 1, "integration": 1, "polarization": 1, "bandwidth": 3, "mode": 3, "receiver": 15, "switching": 2, "backend": 6}}, {"pk": 413, "model": "calculator.configuration", "fields": {"windows": 3, "beams": 1, "integration": 1, "polarization": 1, "bandwidth": 3, "mode": 3, "receiver": 16, "switching": 2, "backend": 6}}, {"pk": 414, "model": "calculator.configuration", "fields": {"windows": 4, "beams": 1, "integration": 1, "polarization": 1, "bandwidth": 3, "mode": 3, "receiver": 14, "switching": 2, "backend": 6}}, {"pk": 415, "model": "calculator.configuration", "fields": {"windows": 4, "beams": 1, "integration": 1, "polarization": 1, "bandwidth": 3, "mode": 3, "receiver": 15, "switching": 2, "backend": 6}}, {"pk": 416, "model": "calculator.configuration", "fields": {"windows": 4, "beams": 1, "integration": 1, "polarization": 1, "bandwidth": 3, "mode": 3, "receiver": 16, "switching": 2, "backend": 6}}, {"pk": 417, "model": "calculator.configuration", "fields": {"windows": 5, "beams": 1, "integration": 1, "polarization": 1, "bandwidth": 3, "mode": 3, "receiver": 14, "switching": 2, "backend": 6}}, {"pk": 418, "model": "calculator.configuration", "fields": {"windows": 5, "beams": 1, "integration": 1, "polarization": 1, "bandwidth": 3, "mode": 3, "receiver": 15, "switching": 2, "backend": 6}}, {"pk": 419, "model": "calculator.configuration", "fields": {"windows": 5, "beams": 1, "integration": 1, "polarization": 1, "bandwidth": 3, "mode": 3, "receiver": 16, "switching": 2, "backend": 6}}, {"pk": 420, "model": "calculator.configuration", "fields": {"windows": 6, "beams": 1, "integration": 1, "polarization": 1, "bandwidth": 3, "mode": 3, "receiver": 14, "switching": 2, "backend": 6}}, {"pk": 421, "model": "calculator.configuration", "fields": {"windows": 6, "beams": 1, "integration": 1, "polarization": 1, "bandwidth": 3, "mode": 3, "receiver": 15, "switching": 2, "backend": 6}}, {"pk": 422, "model": "calculator.configuration", "fields": {"windows": 6, "beams": 1, "integration": 1, "polarization": 1, "bandwidth": 3, "mode": 3, "receiver": 16, "switching": 2, "backend": 6}}, {"pk": 423, "model": "calculator.configuration", "fields": {"windows": 7, "beams": 1, "integration": 1, "polarization": 1, "bandwidth": 3, "mode": 3, "receiver": 14, "switching": 2, "backend": 6}}, {"pk": 424, "model": "calculator.configuration", "fields": {"windows": 7, "beams": 1, "integration": 1, "polarization": 1, "bandwidth": 3, "mode": 3, "receiver": 15, "switching": 2, "backend": 6}}, {"pk": 425, "model": "calculator.configuration", "fields": {"windows": 7, "beams": 1, "integration": 1, "polarization": 1, "bandwidth": 3, "mode": 3, "receiver": 16, "switching": 2, "backend": 6}}, {"pk": 426, "model": "calculator.configuration", "fields": {"windows": 8, "beams": 1, "integration": 1, "polarization": 1, "bandwidth": 3, "mode": 3, "receiver": 14, "switching": 2, "backend": 6}}, {"pk": 427, "model": "calculator.configuration", "fields": {"windows": 8, "beams": 1, "integration": 1, "polarization": 1, "bandwidth": 3, "mode": 3, "receiver": 15, "switching": 2, "backend": 6}}, {"pk": 428, "model": "calculator.configuration", "fields": {"windows": 8, "beams": 1, "integration": 1, "polarization": 1, "bandwidth": 3, "mode": 3, "receiver": 16, "switching": 2, "backend": 6}}, {"pk": 429, "model": "calculator.configuration", "fields": {"windows": 9, "beams": 1, "integration": 1, "polarization": 1, "bandwidth": 3, "mode": 3, "receiver": 14, "switching": 2, "backend": 6}}, {"pk": 430, "model": "calculator.configuration", "fields": {"windows": 9, "beams": 1, "integration": 1, "polarization": 1, "bandwidth": 3, "mode": 3, "receiver": 15, "switching": 2, "backend": 6}}, {"pk": 431, "model": "calculator.configuration", "fields": {"windows": 9, "beams": 1, "integration": 1, "polarization": 1, "bandwidth": 3, "mode": 3, "receiver": 16, "switching": 2, "backend": 6}}, {"pk": 435, "model": "calculator.configuration", "fields": {"windows": 2, "beams": 3, "integration": 1, "polarization": 1, "bandwidth": 3, "mode": 3, "receiver": 17, "switching": 2, "backend": 6}}, {"pk": 436, "model": "calculator.configuration", "fields": {"windows": 3, "beams": 3, "integration": 1, "polarization": 1, "bandwidth": 3, "mode": 3, "receiver": 17, "switching": 2, "backend": 6}}, {"pk": 437, "model": "calculator.configuration", "fields": {"windows": 4, "beams": 3, "integration": 1, "polarization": 1, "bandwidth": 3, "mode": 3, "receiver": 17, "switching": 2, "backend": 6}}, {"pk": 438, "model": "calculator.configuration", "fields": {"windows": 5, "beams": 3, "integration": 1, "polarization": 1, "bandwidth": 3, "mode": 3, "receiver": 17, "switching": 2, "backend": 6}}, {"pk": 439, "model": "calculator.configuration", "fields": {"windows": 6, "beams": 3, "integration": 1, "polarization": 1, "bandwidth": 3, "mode": 3, "receiver": 17, "switching": 2, "backend": 6}}, {"pk": 440, "model": "calculator.configuration", "fields": {"windows": 7, "beams": 3, "integration": 1, "polarization": 1, "bandwidth": 3, "mode": 3, "receiver": 17, "switching": 2, "backend": 6}}, {"pk": 441, "model": "calculator.configuration", "fields": {"windows": 8, "beams": 3, "integration": 1, "polarization": 1, "bandwidth": 3, "mode": 3, "receiver": 17, "switching": 2, "backend": 6}}, {"pk": 442, "model": "calculator.configuration", "fields": {"windows": 9, "beams": 3, "integration": 1, "polarization": 1, "bandwidth": 3, "mode": 3, "receiver": 17, "switching": 2, "backend": 6}}, {"pk": 444, "model": "calculator.configuration", "fields": {"windows": 2, "beams": 3, "integration": 1, "polarization": 1, "bandwidth": 3, "mode": 3, "receiver": 17, "switching": 3, "backend": 6}}, {"pk": 445, "model": "calculator.configuration", "fields": {"windows": 3, "beams": 3, "integration": 1, "polarization": 1, "bandwidth": 3, "mode": 3, "receiver": 17, "switching": 3, "backend": 6}}, {"pk": 446, "model": "calculator.configuration", "fields": {"windows": 4, "beams": 3, "integration": 1, "polarization": 1, "bandwidth": 3, "mode": 3, "receiver": 17, "switching": 3, "backend": 6}}, {"pk": 447, "model": "calculator.configuration", "fields": {"windows": 5, "beams": 3, "integration": 1, "polarization": 1, "bandwidth": 3, "mode": 3, "receiver": 17, "switching": 3, "backend": 6}}, {"pk": 448, "model": "calculator.configuration", "fields": {"windows": 6, "beams": 3, "integration": 1, "polarization": 1, "bandwidth": 3, "mode": 3, "receiver": 17, "switching": 3, "backend": 6}}, {"pk": 449, "model": "calculator.configuration", "fields": {"windows": 7, "beams": 3, "integration": 1, "polarization": 1, "bandwidth": 3, "mode": 3, "receiver": 17, "switching": 3, "backend": 6}}, {"pk": 450, "model": "calculator.configuration", "fields": {"windows": 8, "beams": 3, "integration": 1, "polarization": 1, "bandwidth": 3, "mode": 3, "receiver": 17, "switching": 3, "backend": 6}}, {"pk": 451, "model": "calculator.configuration", "fields": {"windows": 9, "beams": 3, "integration": 1, "polarization": 1, "bandwidth": 3, "mode": 3, "receiver": 17, "switching": 3, "backend": 6}}, {"pk": 453, "model": "calculator.configuration", "fields": {"windows": 2, "beams": 3, "integration": 1, "polarization": 1, "bandwidth": 3, "mode": 3, "receiver": 17, "switching": 4, "backend": 6}}, {"pk": 454, "model": "calculator.configuration", "fields": {"windows": 3, "beams": 3, "integration": 1, "polarization": 1, "bandwidth": 3, "mode": 3, "receiver": 17, "switching": 4, "backend": 6}}, {"pk": 455, "model": "calculator.configuration", "fields": {"windows": 4, "beams": 3, "integration": 1, "polarization": 1, "bandwidth": 3, "mode": 3, "receiver": 17, "switching": 4, "backend": 6}}, {"pk": 456, "model": "calculator.configuration", "fields": {"windows": 5, "beams": 3, "integration": 1, "polarization": 1, "bandwidth": 3, "mode": 3, "receiver": 17, "switching": 4, "backend": 6}}, {"pk": 457, "model": "calculator.configuration", "fields": {"windows": 6, "beams": 3, "integration": 1, "polarization": 1, "bandwidth": 3, "mode": 3, "receiver": 17, "switching": 4, "backend": 6}}, {"pk": 458, "model": "calculator.configuration", "fields": {"windows": 7, "beams": 3, "integration": 1, "polarization": 1, "bandwidth": 3, "mode": 3, "receiver": 17, "switching": 4, "backend": 6}}, {"pk": 459, "model": "calculator.configuration", "fields": {"windows": 8, "beams": 3, "integration": 1, "polarization": 1, "bandwidth": 3, "mode": 3, "receiver": 17, "switching": 4, "backend": 6}}, {"pk": 460, "model": "calculator.configuration", "fields": {"windows": 9, "beams": 3, "integration": 1, "polarization": 1, "bandwidth": 3, "mode": 3, "receiver": 17, "switching": 4, "backend": 6}}, {"pk": 865, "model": "calculator.configuration", "fields": {"windows": 1, "beams": 3, "integration": 1, "polarization": 1, "bandwidth": 1, "mode": 1, "receiver": 17, "switching": 1, "backend": 8}}, {"pk": 5250, "model": "calculator.configuration", "fields": {"windows": 1, "beams": 3, "integration": 1, "polarization": 1, "bandwidth": 1, "mode": 4, "receiver": 17, "switching": 1, "backend": 9}}, {"pk": 6347, "model": "calculator.configuration", "fields": {"windows": 1, "beams": 3, "integration": 1, "polarization": 1, "bandwidth": 1, "mode": 2, "receiver": 17, "switching": 1, "backend": 9}}, {"pk": 8908, "model": "calculator.configuration", "fields": {"windows": 1, "beams": 3, "integration": 1, "polarization": 1, "bandwidth": 1, "mode": 4, "receiver": 17, "switching": 1, "backend": 10}}, {"pk": 8909, "model": "calculator.configuration", "fields": {"windows": 1, "beams": 3, "integration": 1, "polarization": 1, "bandwidth": 1, "mode": 5, "receiver": 1, "switching": 1, "backend": 12}}, {"pk": 8910, "model": "calculator.configuration", "fields": {"windows": 1, "beams": 3, "integration": 1, "polarization": 1, "bandwidth": 1, "mode": 5, "receiver": 2, "switching": 1, "backend": 12}}, {"pk": 8911, "model": "calculator.configuration", "fields": {"windows": 1, "beams": 3, "integration": 1, "polarization": 1, "bandwidth": 1, "mode": 5, "receiver": 3, "switching": 1, "backend": 12}}, {"pk": 8912, "model": "calculator.configuration", "fields": {"windows": 1, "beams": 3, "integration": 1, "polarization": 1, "bandwidth": 1, "mode": 5, "receiver": 4, "switching": 1, "backend": 12}}, {"pk": 8913, "model": "calculator.configuration", "fields": {"windows": 1, "beams": 3, "integration": 1, "polarization": 1, "bandwidth": 1, "mode": 5, "receiver": 5, "switching": 1, "backend": 12}}, {"pk": 8914, "model": "calculator.configuration", "fields": {"windows": 1, "beams": 3, "integration": 1, "polarization": 1, "bandwidth": 1, "mode": 5, "receiver": 6, "switching": 1, "backend": 12}}, {"pk": 8915, "model": "calculator.configuration", "fields": {"windows": 1, "beams": 3, "integration": 1, "polarization": 1, "bandwidth": 1, "mode": 5, "receiver": 7, "switching": 1, "backend": 12}}, {"pk": 8916, "model": "calculator.configuration", "fields": {"windows": 1, "beams": 3, "integration": 1, "polarization": 1, "bandwidth": 1, "mode": 5, "receiver": 8, "switching": 1, "backend": 12}}, {"pk": 8917, "model": "calculator.configuration", "fields": {"windows": 1, "beams": 3, "integration": 1, "polarization": 1, "bandwidth": 1, "mode": 5, "receiver": 9, "switching": 1, "backend": 12}}, {"pk": 8918, "model": "calculator.configuration", "fields": {"windows": 1, "beams": 3, "integration": 1, "polarization": 1, "bandwidth": 1, "mode": 5, "receiver": 10, "switching": 1, "backend": 12}}, {"pk": 8919, "model": "calculator.configuration", "fields": {"windows": 1, "beams": 3, "integration": 1, "polarization": 1, "bandwidth": 1, "mode": 5, "receiver": 11, "switching": 1, "backend": 12}}, {"pk": 8920, "model": "calculator.configuration", "fields": {"windows": 1, "beams": 3, "integration": 1, "polarization": 1, "bandwidth": 1, "mode": 5, "receiver": 12, "switching": 1, "backend": 12}}, {"pk": 8921, "model": "calculator.configuration", "fields": {"windows": 1, "beams": 3, "integration": 1, "polarization": 1, "bandwidth": 1, "mode": 5, "receiver": 18, "switching": 1, "backend": 12}}, {"pk": 8922, "model": "calculator.configuration", "fields": {"windows": 1, "beams": 3, "integration": 1, "polarization": 1, "bandwidth": 1, "mode": 5, "receiver": 13, "switching": 1, "backend": 12}}, {"pk": 8923, "model": "calculator.configuration", "fields": {"windows": 1, "beams": 3, "integration": 1, "polarization": 1, "bandwidth": 1, "mode": 5, "receiver": 17, "switching": 1, "backend": 12}}, {"pk": 9260, "model": "calculator.configuration", "fields": {"windows": 1, "beams": 3, "integration": 1, "polarization": 1, "bandwidth": 1, "mode": 2, "receiver": 17, "switching": 1, "backend": 11}}, {"pk": 9261, "model": "calculator.configuration", "fields": {"windows": 1, "beams": 3, "integration": 1, "polarization": 1, "bandwidth": 1, "mode": 3, "receiver": 17, "switching": 1, "backend": 11}}]