[{"pk": 1, "model": "scheduler.backend", "fields": {"abbreviation": "CCB", "rc_code": "K", "name": "Caltech Continuum Backend"}}, {"pk": 2, "model": "scheduler.backend", "fields": {"abbreviation": "CGSR2", "rc_code": "R", "name": "Caltech-Green Bank-Swinbourne Recorder 2"}}, {"pk": 3, "model": "scheduler.backend", "fields": {"abbreviation": "DCR", "rc_code": "D", "name": "GBT Digital Continuum Receiver"}}, {"pk": 4, "model": "scheduler.backend", "fields": {"abbreviation": "gbtSpec", "rc_code": "S", "name": "GBT Spectrometer"}}, {"pk": 5, "model": "scheduler.backend", "fields": {"abbreviation": "GASP", "rc_code": "Y", "name": "Green Bank Astronomical Signal Processor"}}, {"pk": 7, "model": "scheduler.backend", "fields": {"abbreviation": "HayMark4", "rc_code": "4", "name": "Haystack Mark 4 High bandwidth (> 1Gb/s)"}}, {"pk": 8, "model": "scheduler.backend", "fields": {"abbreviation": "Mark5", "rc_code": "5", "name": "Mark 5 recorder (disks)"}}, {"pk": 9, "model": "scheduler.backend", "fields": {"abbreviation": "Radar", "rc_code": "X", "name": "Radar backend"}}, {"pk": 10, "model": "scheduler.backend", "fields": {"abbreviation": "gbtS2", "rc_code": "2", "name": "S2 recorder"}}, {"pk": 11, "model": "scheduler.backend", "fields": {"abbreviation": "gbtSpecP", "rc_code": "P", "name": "Spectral Processor"}}, {"pk": 12, "model": "scheduler.backend", "fields": {"abbreviation": "gbtVLBA", "rc_code": "V", "name": "VLBA recorder and DAR "}}, {"pk": 13, "model": "scheduler.backend", "fields": {"abbreviation": "Zpect", "rc_code": "Z", "name": "Zpectrometer "}}, {"pk": 14, "model": "scheduler.backend", "fields": {"abbreviation": "Other", "rc_code": "O", "name": "User supplied or new backend "}}, {"pk": 6, "model": "scheduler.backend", "fields": {"abbreviation": "GUPPI", "rc_code": "U", "name": "Green Bank Ultimate Pulsar Processor"}}, {"pk": 15, "model": "scheduler.backend", "fields": {"abbreviation": "FPGA", "rc_code": "F", "name": "FPGA Spectrometer"}}, {"pk": 1, "model": "calculator.calc_backend", "fields": {"dss_backend": null, "name": "Mustang"}}, {"pk": 7, "model": "calculator.calc_backend", "fields": {"dss_backend": null, "name": "Spigot"}}, {"pk": 12, "model": "calculator.calc_backend", "fields": {"dss_backend": null, "name": "Other"}}, {"pk": 2, "model": "calculator.calc_backend", "fields": {"dss_backend": 2, "name": "CGSR2"}}, {"pk": 3, "model": "calculator.calc_backend", "fields": {"dss_backend": 5, "name": "GASP"}}, {"pk": 4, "model": "calculator.calc_backend", "fields": {"dss_backend": 9, "name": "Radar"}}, {"pk": 5, "model": "calculator.calc_backend", "fields": {"dss_backend": 1, "name": "CCB"}}, {"pk": 6, "model": "calculator.calc_backend", "fields": {"dss_backend": 8, "name": "Mark V"}}, {"pk": 8, "model": "calculator.calc_backend", "fields": {"dss_backend": 3, "name": "DCR"}}, {"pk": 9, "model": "calculator.calc_backend", "fields": {"dss_backend": 11, "name": "SP"}}, {"pk": 10, "model": "calculator.calc_backend", "fields": {"dss_backend": 4, "name": "ACS"}}, {"pk": 11, "model": "calculator.calc_backend", "fields": {"dss_backend": 6, "name": "GUPPI"}}, {"pk": 14, "model": "calculator.calc_backend", "fields":{"dss_backend": 15, "name": "FPGA"}}, {"pk": 1, "model": "calculator.bandwidth", "fields": {"name": "NA"}}, {"pk": 2, "model": "calculator.bandwidth", "fields": {"name": "16"}}, {"pk": 3, "model": "calculator.bandwidth", "fields": {"name": "8"}}, {"pk": 4, "model": "calculator.bandwidth", "fields": {"name": "4"}}, {"pk": 5, "model": "calculator.bandwidth", "fields": {"name": "2"}}, {"pk": 6, "model": "calculator.bandwidth", "fields": {"name": "1"}}, {"pk": 7, "model": "calculator.bandwidth", "fields": {"name": "0.5"}}, {"pk": 8, "model": "calculator.bandwidth", "fields": {"name": "0.25"}}, {"pk": 9, "model": "calculator.bandwidth", "fields": {"name": "0.125"}}, {"pk": 10, "model": "calculator.bandwidth", "fields": {"name": "0.0625"}}, {"pk": 11, "model": "calculator.bandwidth", "fields": {"name": "12.5"}}, {"pk": 12, "model": "calculator.bandwidth", "fields": {"name": "50"}}, {"pk": 13, "model": "calculator.bandwidth", "fields": {"name": "200"}}, {"pk": 14, "model": "calculator.bandwidth", "fields": {"name": "800"}}, {"pk": 15, "model": "calculator.bandwidth", "fields": {"name": "20"}}, {"pk": 16, "model": "calculator.bandwidth", "fields": {"name": "40"}}, {"pk": 17, "model": "calculator.bandwidth", "fields": {"name": "80"}}, {"pk": 18, "model": "calculator.bandwidth", "fields": {"name": "240"}}, {"pk": 19, "model": "calculator.bandwidth", "fields": {"name": "320"}}, {"pk": 20, "model": "calculator.bandwidth", "fields": {"name": "1280"}}, {"pk": 21, "model": "calculator.bandwidth", "fields": {"name": "10"}}, {"pk": 22, "model": "calculator.bandwidth", "fields": {"name": "5"}}, {"pk": 23, "model": "calculator.bandwidth", "fields": {"name": "2.5"}}, {"pk": 24, "model": "calculator.bandwidth", "fields": {"name": "1.25"}}, {"pk": 25, "model": "calculator.bandwidth", "fields": {"name": "0.625"}}, {"pk": 26, "model": "calculator.bandwidth", "fields": {"name": "0.3125"}}, {"pk": 27, "model": "calculator.bandwidth", "fields": {"name": "0.15625"}}, {"pk": 28, "model": "calculator.bandwidth", "fields": {"name": "0.078125"}}, {"pk": 29, "model": "calculator.bandwidth", "fields": {"name": "400"}}, {"pk": 30, "model": "calculator.bandwidth", "fields": {"name": "100"}}, {"pk": 1, "model": "calculator.beams", "fields": {"name": "1"}}, {"pk": 2, "model": "calculator.beams", "fields": {"name": "2"}}, {"pk": 3, "model": "calculator.beams", "fields": {"name": "NA"}}, {"pk": 1, "model": "calculator.frequencyresolution", "fields": {"windows": [], "bandwidth": null, "max_number_channels": 1024, "backend": 9}}, {"pk": 2, "model": "calculator.frequencyresolution", "fields": {"windows": [], "bandwidth": 800.0, "max_number_channels": 8192, "backend": 10}}, {"pk": 3, "model": "calculator.frequencyresolution", "fields": {"windows": [], "bandwidth": 200.0, "max_number_channels": 32768, "backend": 10}}, {"pk": 4, "model": "calculator.frequencyresolution", "fields": {"windows": [], "bandwidth": 50.0, "max_number_channels": 131072, "backend": 10}}, {"pk": 5, "model": "calculator.frequencyresolution", "fields": {"windows": [], "bandwidth": 12.5, "max_number_channels": 131072, "backend": 10}}, {"pk": 6, "model": "calculator.frequencyresolution", "fields": {"windows": [], "bandwidth": 1500, "max_number_channels": 1024, "backend": 14}}, {"pk": 7, "model": "calculator.frequencyresolution", "fields": {"windows": [], "bandwidth": 1000, "max_number_channels": 2048, "backend": 14}}, {"pk": 8, "model": "calculator.frequencyresolution", "fields": {"windows": [], "bandwidth": 800, "max_number_channels": 4096, "backend": 14}}, {"pk": 9, "model": "calculator.frequencyresolution", "fields": {"windows": [], "bandwidth": 500, "max_number_channels": 8192, "backend": 14}}, {"pk": 10, "model": "calculator.frequencyresolution", "fields": {"windows": [], "bandwidth": 400, "max_number_channels": 16384, "backend": 14}}, {"pk": 11, "model": "calculator.frequencyresolution", "fields": {"windows": [], "bandwidth": 250, "max_number_channels": 32768, "backend": 14}}, {"pk": 12, "model": "calculator.frequencyresolution", "fields": {"windows": [], "bandwidth": 100, "max_number_channels": 32768, "backend": 14}}, {"pk": 13, "model": "calculator.frequencyresolution", "fields": {"windows": [], "bandwidth": 50, "max_number_channels": 32768, "backend": 14}}, {"pk": 14, "model": "calculator.frequencyresolution", "fields": {"windows": [], "bandwidth": 25, "max_number_channels": 32768, "backend": 14}}, {"pk": 15, "model": "calculator.frequencyresolution", "fields": {"windows": [], "bandwidth": 10, "max_number_channels": 32768, "backend": 14}}, {"pk": 16, "model": "calculator.frequencyresolution", "fields": {"windows": [], "bandwidth": 5, "max_number_channels": 32768, "backend": 14}}, {"pk": 17, "model": "calculator.frequencyresolution", "fields": {"windows": [], "bandwidth": 1, "max_number_channels": 32768, "backend": 14}}, {"pk": 18, "model": "calculator.frequencyresolution", "fields": {"windows": [5, 6], "bandwidth": 30, "max_number_channels": 4096, "backend": 14}}, {"pk": 19, "model": "calculator.frequencyresolution", "fields": {"windows": [5, 6], "bandwidth": 15, "max_number_channels": 4096, "backend": 14}}, {"pk": 20, "model": "calculator.frequencyresolution", "fields": {"windows": [5, 6], "bandwidth": 10, "max_number_channels": 4096, "backend": 14}}, {"pk": 21, "model": "calculator.frequencyresolution", "fields": {"windows": [5, 6], "bandwidth": 5, "max_number_channels": 4096, "backend": 14}}, {"pk": 22, "model": "calculator.frequencyresolution", "fields": {"windows": [5, 6], "bandwidth": 1, "max_number_channels": 4096, "backend": 14}}, {"pk": 1, "model": "calculator.integration", "fields": {"name": "NA"}}, {"pk": 2, "model": "calculator.integration", "fields": {"name": "0.005"}}, {"pk": 3, "model": "calculator.integration", "fields": {"name": "2.0E-09"}}, {"pk": 4, "model": "calculator.integration", "fields": {"name": "0.100"}}, {"pk": 5, "model": "calculator.integration", "fields": {"name": "1.00"}}, {"pk": 1, "model": "calculator.spectralwindows", "fields": {"name": "NA"}}, {"pk": 2, "model": "calculator.spectralwindows", "fields": {"name": "1"}}, {"pk": 3, "model": "calculator.spectralwindows", "fields": {"name": "2"}}, {"pk": 4, "model": "calculator.spectralwindows", "fields": {"name": "4"}}, {"pk": 5, "model": "calculator.spectralwindows", "fields": {"name": "8"}}, {"pk": 6, "model": "calculator.spectralwindows", "fields": {"name": "16"}}, {"pk": 1, "model": "calculator.polarization", "fields": {"name": "NA"}}, {"pk": 2, "model": "calculator.polarization", "fields": {"name": "Summed"}}, {"pk": 3, "model": "calculator.polarization", "fields": {"name": "Single"}}, {"pk": 4, "model": "calculator.polarization", "fields": {"name": "Dual"}}, {"pk": 5, "model": "calculator.polarization", "fields": {"name": "(Q,U)"}}, {"pk": 6, "model": "calculator.polarization", "fields": {"name": "(I,Q,U,V)"}}, {"pk": 1, "model": "calculator.receiver", "fields": {"dss_receiver": 3, "name": "3", "band_low": 0.28999999999999998, "band_hi": 0.39500000000000002, "display_name" : "PF1"}}, {"pk": 2, "model": "calculator.receiver", "fields": {"dss_receiver": 4, "name": "4", "band_low": 0.38500000000000001, "band_hi": 0.52000000000000002, "display_name" : "PF1"}}, {"pk": 3, "model": "calculator.receiver", "fields": {"dss_receiver": 5, "name": "6", "band_low": 0.51000000000000001, "band_hi": 0.68999999999999995, "display_name": "PF1"}}, {"pk": 4, "model": "calculator.receiver", "fields": {"dss_receiver": 6, "name": "8", "band_low": 0.68000000000000005, "band_hi": 0.92000000000000004, "display_name": "PF1"}}, {"pk": 5, "model": "calculator.receiver", "fields": {"dss_receiver": 7, "name": "A", "band_low": 0.90000000000000002, "band_hi": 1.23, "display_name": "PF2"}}, {"pk": 6, "model": "calculator.receiver", "fields": {"dss_receiver": 8, "name": "L", "band_low": 1.1499999999999999, "band_hi": 1.73, "display_name": "L"}}, {"pk": 7, "model": "calculator.receiver", "fields": {"dss_receiver": 9, "name": "S", "band_low": 1.73, "band_hi": 2.6000000000000001, "display_name": "S"}}, {"pk": 8, "model": "calculator.receiver", "fields": {"dss_receiver": 10, "name": "C", "band_low": 3.9500000000000002, "band_hi": 5.8499999999999996, "display_name": "C"}}, {"pk": 9, "model": "calculator.receiver", "fields": {"dss_receiver": 11, "name": "X", "band_low": 8.0, "band_hi": 10.0, "display_name": "X"}}, {"pk": 10, "model": "calculator.receiver", "fields": {"dss_receiver": 12, "name": "U", "band_low": 12.0, "band_hi": 15.4, "display_name": "Ku"}}, {"pk": 11, "model": "calculator.receiver", "fields": {"dss_receiver": 13, "name": "K1", "band_low": 18.0, "band_hi": 22.399999999999999, "display_name": "K Lower"}}, {"pk": 12, "model": "calculator.receiver", "fields": {"dss_receiver": 13, "name": "K2", "band_low": 22.0, "band_hi": 26.5, "display_name": "K Upper"}}, {"pk": 14, "model": "calculator.receiver", "fields": {"dss_receiver": 14, "name": "B1", "band_low": 26.0, "band_hi": 31.0, "display_name": "Ka F1"}}, {"pk": 15, "model": "calculator.receiver", "fields": {"dss_receiver": 14, "name": "B2", "band_low": 27.0, "band_hi": 30.5, "display_name": "Ka F2"}}, {"pk": 16, "model": "calculator.receiver", "fields": {"dss_receiver": 14, "name": "B3", "band_low": 26.0, "band_hi": 39.799999999999997, "display_name": "Ka F3"}}, {"pk": 18, "model": "calculator.receiver", "fields": {"dss_receiver": 14, "name": "B", "band_low": 26.0, "band_hi": 39.799999999999997, "display_name": "Ka"}}, {"pk": 13, "model": "calculator.receiver", "fields": {"dss_receiver": 15, "name": "Q", "band_low": 38.200000000000003, "band_hi": 49.799999999999997, "display_name": "Q"}}, {"pk": 17, "model": "calculator.receiver", "fields": {"dss_receiver": null, "name": "O", "band_low": null, "band_hi": null}}, {"pk": 19, "model": "calculator.receiver", "fields": {"dss_receiver": null, "name": "NA", "band_low": null, "band_hi": null}}, {"pk": 20, "model": "calculator.receiver", "fields": {"dss_receiver": 20, "name": "W", "band_low": 68.0, "band_hi": 92.0, "display_name" : "W"}}, {"pk": 21, "model": "calculator.receiver", "fields": {"dss_receiver": 19, "name": "KFPA", "band_low": 17.0, "band_hi": 27.5, "display_name" : "KFPA"}}, {"pk": 22, "model": "calculator.receiver", "fields": {"dss_receiver": 16, "name": "MBA", "band_low": 80.0, "band_hi": 100.0, "display_name" : "Mustang"}}, {"pk": 1, "model": "calculator.switching", "fields": {"abbreviation": "NA", "name": "NA"}}, {"pk": 2, "model": "calculator.switching", "fields": {"abbreviation": "BSW", "name": "Beam switching"}}, {"pk": 3, "model": "calculator.switching", "fields": {"abbreviation": "BSW-PS", "name": "Beam Switching - Position Switching"}}, {"pk": 4, "model": "calculator.switching", "fields": {"abbreviation": "BSW-NOD", "name": "Beam Switching - Nodding between beams"}}, {"pk": 5, "model": "calculator.switching", "fields": {"abbreviation": "BSW-SRN", "name": "Beam Switching - Sub-reflector nodding between beams"}}, {"pk": 6, "model": "calculator.switching", "fields": {"abbreviation": "TP", "name": "Total Power"}}, {"pk": 7, "model": "calculator.switching", "fields": {"abbreviation": "TP-PS", "name": "Position Switching"}}, {"pk": 8, "model": "calculator.switching", "fields": {"abbreviation": "TP-NOD", "name": "Nodding between beams"}}, {"pk": 9, "model": "calculator.switching", "fields": {"abbreviation": "TP-SRN", "name": "Sub-reflector nodding between beams"}}, {"pk": 10, "model": "calculator.switching", "fields": {"abbreviation": "IFSW", "name": "In-Band Frequency Switching"}}, {"pk": 14, "model": "calculator.switching", "fields": {"abbreviation": "OFSW", "name": "Out-of-Band Frequency Switching"}}, {"pk": 1, "model": "calculator.mode", "fields": {"name": "Continuum"}}, {"pk": 2, "model": "calculator.mode", "fields": {"name": "Pulsar"}}, {"pk": 3, "model": "calculator.mode", "fields": {"name": "HTR"}}, {"pk": 4, "model": "calculator.mode", "fields": {"name": "Spectral Line"}}, {"pk": 5, "model": "calculator.mode", "fields": {"name": "NA"}}, {"pk": 6, "model": "calculator.mode", "fields": {"name": "Radar"}} , {"pk": 1, "model": "calculator.weathervalues", "fields": {"attenuation": 1.0075000000000001, "eta_dss": 0.97499999999999998, "frequency": 0, "t_atm": 270.47840000000002, "est0_mustang": null, "tau0": 0.0066, "eta_surf": 1.0, "t_rcvr": 7.0, "eta_track": 1.0, "attenuation_mustang": null, "est0": 19.8904, "t_rcvr_mustang": null, "eta_track_mustang": null}}, {"pk": 2, "model": "calculator.weathervalues", "fields": {"attenuation": 1.0075000000000001, "eta_dss": 0.97440000000000004, "frequency": 1, "t_atm": 270.47840000000002, "est0_mustang": null, "tau0": 0.0066, "eta_surf": 1.0, "t_rcvr": 7.0, "eta_track": 0.99980000000000002, "attenuation_mustang": null, "est0": 19.8904, "t_rcvr_mustang": null, "eta_track_mustang": null}}, {"pk": 3, "model": "calculator.weathervalues", "fields": {"attenuation": 1.0076000000000001, "eta_dss": 0.97240000000000004, "frequency": 2, "t_atm": 270.47840000000002, "est0_mustang": null, "tau0": 0.0066, "eta_surf": 1.0, "t_rcvr": 7.0, "eta_track": 0.99909999999999999, "attenuation_mustang": null, "est0": 19.8904, "t_rcvr_mustang": null, "eta_track_mustang": null}}, {"pk": 4, "model": "calculator.weathervalues", "fields": {"attenuation": 1.0081, "eta_dss": 0.96899999999999997, "frequency": 3, "t_atm": 268.47579999999999, "est0_mustang": null, "tau0": 0.0070000000000000001, "eta_surf": 0.99990000000000001, "t_rcvr": 7.0, "eta_track": 0.998, "attenuation_mustang": null, "est0": 19.991299999999999, "t_rcvr_mustang": null, "eta_track_mustang": null}}, {"pk": 5, "model": "calculator.weathervalues", "fields": {"attenuation": 1.0086999999999999, "eta_dss": 0.96389999999999998, "frequency": 4, "t_atm": 266.71600000000001, "est0_mustang": null, "tau0": 0.0073000000000000001, "eta_surf": 0.99980000000000002, "t_rcvr": 7.0, "eta_track": 0.99650000000000005, "attenuation_mustang": null, "est0": 22.915800000000001, "t_rcvr_mustang": null, "eta_track_mustang": null}}, {"pk": 6, "model": "calculator.weathervalues", "fields": {"attenuation": 1.0089999999999999, "eta_dss": 0.95679999999999998, "frequency": 5, "t_atm": 255.21969999999999, "est0_mustang": null, "tau0": 0.0077999999999999996, "eta_surf": 0.99970000000000003, "t_rcvr": 7.3600000000000003, "eta_track": 0.99480000000000002, "attenuation_mustang": null, "est0": 15.4396, "t_rcvr_mustang": null, "eta_track_mustang": null}}, {"pk": 7, "model": "calculator.weathervalues", "fields": {"attenuation": 1.0095000000000001, "eta_dss": 0.94740000000000002, "frequency": 6, "t_atm": 255.33760000000001, "est0_mustang": null, "tau0": 0.0080000000000000002, "eta_surf": 0.99960000000000004, "t_rcvr": 8.6371000000000002, "eta_track": 0.99299999999999999, "attenuation_mustang": null, "est0": 16.781500000000001, "t_rcvr_mustang": null, "eta_track_mustang": null}}, {"pk": 8, "model": "calculator.weathervalues", "fields": {"attenuation": 1.0104, "eta_dss": 0.93540000000000001, "frequency": 7, "t_atm": 255.46629999999999, "est0_mustang": null, "tau0": 0.0082000000000000007, "eta_surf": 0.99939999999999996, "t_rcvr": 12.0, "eta_track": 0.99119999999999997, "attenuation_mustang": null, "est0": 20.226900000000001, "t_rcvr_mustang": null, "eta_track_mustang": null}}, {"pk": 9, "model": "calculator.weathervalues", "fields": {"attenuation": 1.0124, "eta_dss": 0.92049999999999998, "frequency": 8, "t_atm": 255.61009999999999, "est0_mustang": null, "tau0": 0.0085000000000000006, "eta_surf": 0.99919999999999998, "t_rcvr": 21.564299999999999, "eta_track": 0.98950000000000005, "attenuation_mustang": null, "est0": 29.9559, "t_rcvr_mustang": null, "eta_track_mustang": null}}, {"pk": 10, "model": "calculator.weathervalues", "fields": {"attenuation": 1.0123, "eta_dss": 0.90269999999999995, "frequency": 9, "t_atm": 255.77209999999999, "est0_mustang": null, "tau0": 0.0086999999999999994, "eta_surf": 0.999, "t_rcvr": 12.849, "eta_track": 0.98780000000000001, "attenuation_mustang": null, "est0": 21.2224, "t_rcvr_mustang": null, "eta_track_mustang": null}}, {"pk": 11, "model": "calculator.weathervalues", "fields": {"attenuation": 1.0132000000000001, "eta_dss": 0.88200000000000001, "frequency": 10, "t_atm": 255.95570000000001, "est0_mustang": null, "tau0": 0.0091000000000000004, "eta_surf": 0.99880000000000002, "t_rcvr": 10.943300000000001, "eta_track": 0.98619999999999997, "attenuation_mustang": null, "est0": 19.410599999999999, "t_rcvr_mustang": null, "eta_track_mustang": null}}, {"pk": 12, "model": "calculator.weathervalues", "fields": {"attenuation": 1.0155000000000001, "eta_dss": 0.85840000000000005, "frequency": 11, "t_atm": 256.84620000000001, "est0_mustang": null, "tau0": 0.0094000000000000004, "eta_surf": 0.99850000000000005, "t_rcvr": 15.1548, "eta_track": 0.98460000000000003, "attenuation_mustang": null, "est0": 23.751999999999999, "t_rcvr_mustang": null, "eta_track_mustang": null}}, {"pk": 13, "model": "calculator.weathervalues", "fields": {"attenuation": 1.0197000000000001, "eta_dss": 0.83240000000000003, "frequency": 12, "t_atm": 248.90889999999999, "est0_mustang": null, "tau0": 0.0101, "eta_surf": 0.99829999999999997, "t_rcvr": 21.6919, "eta_track": 0.98319999999999996, "attenuation_mustang": null, "est0": 30.4693, "t_rcvr_mustang": null, "eta_track_mustang": null}}, {"pk": 14, "model": "calculator.weathervalues", "fields": {"attenuation": 1.0188999999999999, "eta_dss": 0.80430000000000001, "frequency": 13, "t_atm": 248.99289999999999, "est0_mustang": null, "tau0": 0.010500000000000001, "eta_surf": 0.998, "t_rcvr": 12.453799999999999, "eta_track": 0.9819, "attenuation_mustang": null, "est0": 21.245100000000001, "t_rcvr_mustang": null, "eta_track_mustang": null}}, {"pk": 15, "model": "calculator.weathervalues", "fields": {"attenuation": 1.0201, "eta_dss": 0.77480000000000004, "frequency": 14, "t_atm": 249.09790000000001, "est0_mustang": null, "tau0": 0.010999999999999999, "eta_surf": 0.99760000000000004, "t_rcvr": 10.339499999999999, "eta_track": 0.98070000000000002, "attenuation_mustang": null, "est0": 19.2422, "t_rcvr_mustang": null, "eta_track_mustang": null}}, {"pk": 16, "model": "calculator.weathervalues", "fields": {"attenuation": 1.0216000000000001, "eta_dss": 0.74460000000000004, "frequency": 15, "t_atm": 249.23339999999999, "est0_mustang": null, "tau0": 0.011599999999999999, "eta_surf": 0.99729999999999996, "t_rcvr": 8.8671000000000006, "eta_track": 0.97950000000000004, "attenuation_mustang": null, "est0": 17.913499999999999, "t_rcvr_mustang": null, "eta_track_mustang": null}}, {"pk": 17, "model": "calculator.weathervalues", "fields": {"attenuation": 1.0262, "eta_dss": 0.71450000000000002, "frequency": 16, "t_atm": 246.06020000000001, "est0_mustang": null, "tau0": 0.0124, "eta_surf": 0.99690000000000001, "t_rcvr": 12.0, "eta_track": 0.97840000000000005, "attenuation_mustang": null, "est0": 21.257300000000001, "t_rcvr_mustang": null, "eta_track_mustang": null}}, {"pk": 18, "model": "calculator.weathervalues", "fields": {"attenuation": 1.0289999999999999, "eta_dss": 0.68540000000000001, "frequency": 17, "t_atm": 246.1506, "est0_mustang": null, "tau0": 0.013100000000000001, "eta_surf": 0.99650000000000005, "t_rcvr": 12.0, "eta_track": 0.97740000000000005, "attenuation_mustang": null, "est0": 21.4436, "t_rcvr_mustang": null, "eta_track_mustang": null}}, {"pk": 19, "model": "calculator.weathervalues", "fields": {"attenuation": 1.0524, "eta_dss": 0.65810000000000002, "frequency": 18, "t_atm": 246.28280000000001, "est0_mustang": null, "tau0": 0.013899999999999999, "eta_surf": 0.99609999999999999, "t_rcvr": 41.693300000000001, "eta_track": 0.97650000000000003, "attenuation_mustang": null, "est0": 51.766100000000002, "t_rcvr_mustang": null, "eta_track_mustang": null}}, {"pk": 20, "model": "calculator.weathervalues", "fields": {"attenuation": 1.0414000000000001, "eta_dss": 0.63339999999999996, "frequency": 19, "t_atm": 246.47649999999999, "est0_mustang": null, "tau0": 0.014999999999999999, "eta_surf": 0.99560000000000004, "t_rcvr": 19.654299999999999, "eta_track": 0.97560000000000002, "attenuation_mustang": null, "est0": 29.721699999999998, "t_rcvr_mustang": null, "eta_track_mustang": null}}, {"pk": 21, "model": "calculator.weathervalues", "fields": {"attenuation": 1.0437000000000001, "eta_dss": 0.61209999999999998, "frequency": 20, "t_atm": 246.7372, "est0_mustang": null, "tau0": 0.016500000000000001, "eta_surf": 0.99519999999999997, "t_rcvr": 17.4862, "eta_track": 0.9748, "attenuation_mustang": null, "est0": 27.931999999999999, "t_rcvr_mustang": null, "eta_track_mustang": null}}, {"pk": 22, "model": "calculator.weathervalues", "fields": {"attenuation": 1.0469999999999999, "eta_dss": 0.59450000000000003, "frequency": 21, "t_atm": 246.94059999999999, "est0_mustang": null, "tau0": 0.018599999999999998, "eta_surf": 0.99470000000000003, "t_rcvr": 16.203299999999999, "eta_track": 0.97399999999999998, "attenuation_mustang": null, "est0": 27.1999, "t_rcvr_mustang": null, "eta_track_mustang": null}}, {"pk": 23, "model": "calculator.weathervalues", "fields": {"attenuation": 1.0525, "eta_dss": 0.58120000000000005, "frequency": 22, "t_atm": 245.16050000000001, "est0_mustang": null, "tau0": 0.021299999999999999, "eta_surf": 0.99419999999999997, "t_rcvr": 16.557099999999998, "eta_track": 0.97330000000000005, "attenuation_mustang": null, "est0": 28.2561, "t_rcvr_mustang": null, "eta_track_mustang": null}}, {"pk": 24, "model": "calculator.weathervalues", "fields": {"attenuation": 1.0585, "eta_dss": 0.57230000000000003, "frequency": 23, "t_atm": 246.8648, "est0_mustang": null, "tau0": 0.021899999999999999, "eta_surf": 0.99360000000000004, "t_rcvr": 20.859000000000002, "eta_track": 0.97260000000000002, "attenuation_mustang": null, "est0": 32.853200000000001, "t_rcvr_mustang": null, "eta_track_mustang": null}}, {"pk": 25, "model": "calculator.weathervalues", "fields": {"attenuation": 1.0577000000000001, "eta_dss": 0.56789999999999996, "frequency": 24, "t_atm": 246.98689999999999, "est0_mustang": null, "tau0": 0.021600000000000001, "eta_surf": 0.99299999999999999, "t_rcvr": 19.9633, "eta_track": 0.97199999999999998, "attenuation_mustang": null, "est0": 31.857700000000001, "t_rcvr_mustang": null, "eta_track_mustang": null}}, {"pk": 26, "model": "calculator.weathervalues", "fields": {"attenuation": 1.0621, "eta_dss": 0.56779999999999997, "frequency": 25, "t_atm": 246.75620000000001, "est0_mustang": null, "tau0": 0.021700000000000001, "eta_surf": 0.99250000000000005, "t_rcvr": 24.284800000000001, "eta_track": 0.97140000000000004, "attenuation_mustang": null, "est0": 36.296500000000002, "t_rcvr_mustang": null, "eta_track_mustang": null}}, {"pk": 27, "model": "calculator.weathervalues", "fields": {"attenuation": 1.0629999999999999, "eta_dss": 0.57169999999999999, "frequency": 26, "t_atm": 246.542, "est0_mustang": null, "tau0": 0.022200000000000001, "eta_surf": 0.9919, "t_rcvr": 25.274999999999999, "eta_track": 0.9708, "attenuation_mustang": null, "est0": 37.444200000000002, "t_rcvr_mustang": null, "eta_track_mustang": null}}, {"pk": 28, "model": "calculator.weathervalues", "fields": {"attenuation": 1.0546, "eta_dss": 0.57920000000000005, "frequency": 27, "t_atm": 246.38570000000001, "est0_mustang": null, "tau0": 0.023099999999999999, "eta_surf": 0.99119999999999997, "t_rcvr": 16.600000000000001, "eta_track": 0.97030000000000005, "attenuation_mustang": null, "est0": 28.815799999999999, "t_rcvr_mustang": null, "eta_track_mustang": null}}, {"pk": 29, "model": "calculator.weathervalues", "fields": {"attenuation": 1.0568, "eta_dss": 0.58960000000000001, "frequency": 28, "t_atm": 246.27699999999999, "est0_mustang": null, "tau0": 0.024199999999999999, "eta_surf": 0.99060000000000004, "t_rcvr": 18.77, "eta_track": 0.9698, "attenuation_mustang": null, "est0": 31.335899999999999, "t_rcvr_mustang": null, "eta_track_mustang": null}}, {"pk": 30, "model": "calculator.weathervalues", "fields": {"attenuation": 1.0513999999999999, "eta_dss": 0.60240000000000005, "frequency": 29, "t_atm": 246.20150000000001, "est0_mustang": null, "tau0": 0.025600000000000001, "eta_surf": 0.9899, "t_rcvr": 12.699999999999999, "eta_track": 0.96940000000000004, "attenuation_mustang": null, "est0": 25.491199999999999, "t_rcvr_mustang": null, "eta_track_mustang": null}}, {"pk": 31, "model": "calculator.weathervalues", "fields": {"attenuation": 1.0506, "eta_dss": 0.61680000000000001, "frequency": 30, "t_atm": 246.14869999999999, "est0_mustang": null, "tau0": 0.027300000000000001, "eta_surf": 0.98919999999999997, "t_rcvr": 11.005000000000001, "eta_track": 0.96889999999999998, "attenuation_mustang": null, "est0": 24.204999999999998, "t_rcvr_mustang": null, "eta_track_mustang": null}}, {"pk": 32, "model": "calculator.weathervalues", "fields": {"attenuation": 1.0508, "eta_dss": 0.63219999999999998, "frequency": 31, "t_atm": 246.11150000000001, "est0_mustang": null, "tau0": 0.0292, "eta_surf": 0.98850000000000005, "t_rcvr": 10.07, "eta_track": 0.96850000000000003, "attenuation_mustang": null, "est0": 23.749700000000001, "t_rcvr_mustang": null, "eta_track_mustang": null}}, {"pk": 33, "model": "calculator.weathervalues", "fields": {"attenuation": 1.0569, "eta_dss": 0.64790000000000003, "frequency": 32, "t_atm": 246.0855, "est0_mustang": null, "tau0": 0.031300000000000001, "eta_surf": 0.98770000000000002, "t_rcvr": 16.59, "eta_track": 0.96819999999999995, "attenuation_mustang": null, "est0": 31.037199999999999, "t_rcvr_mustang": null, "eta_track_mustang": null}}, {"pk": 34, "model": "calculator.weathervalues", "fields": {"attenuation": 1.0592999999999999, "eta_dss": 0.66320000000000001, "frequency": 33, "t_atm": 249.45099999999999, "est0_mustang": null, "tau0": 0.033300000000000003, "eta_surf": 0.9869, "t_rcvr": 19.385000000000002, "eta_track": 0.96789999999999998, "attenuation_mustang": null, "est0": 34.589500000000001, "t_rcvr_mustang": null, "eta_track_mustang": null}}, {"pk": 35, "model": "calculator.weathervalues", "fields": {"attenuation": 1.0564, "eta_dss": 0.67769999999999997, "frequency": 34, "t_atm": 249.4067, "est0_mustang": null, "tau0": 0.035900000000000001, "eta_surf": 0.98609999999999998, "t_rcvr": 12.475, "eta_track": 0.96760000000000002, "attenuation_mustang": null, "est0": 28.157, "t_rcvr_mustang": null, "eta_track_mustang": null}}, {"pk": 36, "model": "calculator.weathervalues", "fields": {"attenuation": 1.0666, "eta_dss": 0.69089999999999996, "frequency": 35, "t_atm": 249.374, "est0_mustang": null, "tau0": 0.039, "eta_surf": 0.98529999999999995, "t_rcvr": 25.684999999999999, "eta_track": 0.96730000000000005, "attenuation_mustang": null, "est0": 42.743499999999997, "t_rcvr_mustang": null, "eta_track_mustang": null}}, {"pk": 37, "model": "calculator.weathervalues", "fields": {"attenuation": 1.0683, "eta_dss": 0.70230000000000004, "frequency": 36, "t_atm": 249.35059999999999, "est0_mustang": null, "tau0": 0.0424, "eta_surf": 0.98450000000000004, "t_rcvr": 24.059999999999999, "eta_track": 0.96699999999999997, "attenuation_mustang": null, "est0": 42.031799999999997, "t_rcvr_mustang": null, "eta_track_mustang": null}}, {"pk": 38, "model": "calculator.weathervalues", "fields": {"attenuation": 1.0770999999999999, "eta_dss": 0.71160000000000001, "frequency": 37, "t_atm": 249.33539999999999, "est0_mustang": null, "tau0": 0.046399999999999997, "eta_surf": 0.98360000000000003, "t_rcvr": 34.924999999999997, "eta_track": 0.96679999999999999, "attenuation_mustang": null, "est0": 54.567999999999998, "t_rcvr_mustang": null, "eta_track_mustang": null}}, {"pk": 39, "model": "calculator.weathervalues", "fields": {"attenuation": 1.0814999999999999, "eta_dss": 0.71860000000000002, "frequency": 38, "t_atm": 249.3278, "est0_mustang": null, "tau0": 0.050900000000000001, "eta_surf": 0.98280000000000001, "t_rcvr": 35.119999999999997, "eta_track": 0.96660000000000001, "attenuation_mustang": null, "est0": 56.129899999999999, "t_rcvr_mustang": null, "eta_track_mustang": null}}, {"pk": 40, "model": "calculator.weathervalues", "fields": {"attenuation": 1.0852999999999999, "eta_dss": 0.72309999999999997, "frequency": 39, "t_atm": 249.32759999999999, "est0_mustang": null, "tau0": 0.0562, "eta_surf": 0.9819, "t_rcvr": 31.065000000000001, "eta_track": 0.96640000000000004, "attenuation_mustang": null, "est0": 53.447699999999998, "t_rcvr_mustang": null, "eta_track_mustang": null}}, {"pk": 41, "model": "calculator.weathervalues", "fields": {"attenuation": 1.0989, "eta_dss": 0.72489999999999999, "frequency": 40, "t_atm": 249.33529999999999, "est0_mustang": null, "tau0": 0.062399999999999997, "eta_surf": 0.98089999999999999, "t_rcvr": 46.6004, "eta_track": 0.96630000000000005, "attenuation_mustang": null, "est0": 71.848299999999995, "t_rcvr_mustang": null, "eta_track_mustang": null}}, {"pk": 42, "model": "calculator.weathervalues", "fields": {"attenuation": 1.1043000000000001, "eta_dss": 0.72419999999999995, "frequency": 41, "t_atm": 249.35149999999999, "est0_mustang": null, "tau0": 0.069599999999999995, "eta_surf": 0.97999999999999998, "t_rcvr": 38.247500000000002, "eta_track": 0.96619999999999995, "attenuation_mustang": null, "est0": 65.193700000000007, "t_rcvr_mustang": null, "eta_track_mustang": null}}, {"pk": 43, "model": "calculator.weathervalues", "fields": {"attenuation": 1.1132, "eta_dss": 0.7208, "frequency": 42, "t_atm": 249.37780000000001, "est0_mustang": null, "tau0": 0.078299999999999995, "eta_surf": 0.97899999999999998, "t_rcvr": 33.046700000000001, "eta_track": 0.96609999999999996, "attenuation_mustang": null, "est0": 62.293700000000001, "t_rcvr_mustang": null, "eta_track_mustang": null}}, {"pk": 44, "model": "calculator.weathervalues", "fields": {"attenuation": 1.1284000000000001, "eta_dss": 0.71479999999999999, "frequency": 43, "t_atm": 249.4162, "est0_mustang": null, "tau0": 0.088599999999999998, "eta_surf": 0.97799999999999998, "t_rcvr": 36.327300000000001, "eta_track": 0.96599999999999997, "attenuation_mustang": null, "est0": 69.077500000000001, "t_rcvr_mustang": null, "eta_track_mustang": null}}, {"pk": 45, "model": "calculator.weathervalues", "fields": {"attenuation": 1.1466000000000001, "eta_dss": 0.70650000000000002, "frequency": 44, "t_atm": 249.46950000000001, "est0_mustang": null, "tau0": 0.1013, "eta_surf": 0.97699999999999998, "t_rcvr": 37.407400000000003, "eta_track": 0.96599999999999997, "attenuation_mustang": null, "est0": 74.3108, "t_rcvr_mustang": null, "eta_track_mustang": null}}, {"pk": 46, "model": "calculator.weathervalues", "fields": {"attenuation": 1.167, "eta_dss": 0.69589999999999996, "frequency": 45, "t_atm": 257.15350000000001, "est0_mustang": null, "tau0": 0.114, "eta_surf": 0.97599999999999998, "t_rcvr": 42.977400000000003, "eta_track": 0.96599999999999997, "attenuation_mustang": null, "est0": 85.581100000000006, "t_rcvr_mustang": null, "eta_track_mustang": null}}, {"pk": 47, "model": "calculator.weathervalues", "fields": {"attenuation": 1.1931, "eta_dss": 0.6835, "frequency": 46, "t_atm": 256.9212, "est0_mustang": null, "tau0": 0.13289999999999999, "eta_surf": 0.97489999999999999, "t_rcvr": 39.093200000000003, "eta_track": 0.96599999999999997, "attenuation_mustang": null, "est0": 87.593800000000002, "t_rcvr_mustang": null, "eta_track_mustang": null}}, {"pk": 48, "model": "calculator.weathervalues", "fields": {"attenuation": 1.2336, "eta_dss": 0.66949999999999998, "frequency": 47, "t_atm": 256.96960000000001, "est0_mustang": null, "tau0": 0.157, "eta_surf": 0.97389999999999999, "t_rcvr": 47.165399999999998, "eta_track": 0.96609999999999996, "attenuation_mustang": null, "est0": 105.377, "t_rcvr_mustang": null, "eta_track_mustang": null}}, {"pk": 49, "model": "calculator.weathervalues", "fields": {"attenuation": 1.2845, "eta_dss": 0.65449999999999997, "frequency": 48, "t_atm": 257.07159999999999, "est0_mustang": null, "tau0": 0.189, "eta_surf": 0.9728, "t_rcvr": 48.783299999999997, "eta_track": 0.96609999999999996, "attenuation_mustang": null, "est0": 119.0378, "t_rcvr_mustang": null, "eta_track_mustang": null}}, {"pk": 50, "model": "calculator.weathervalues", "fields": {"attenuation": 1.3646, "eta_dss": 0.63880000000000003, "frequency": 49, "t_atm": 257.25810000000001, "est0_mustang": null, "tau0": 0.23319999999999999, "eta_surf": 0.97170000000000001, "t_rcvr": 64.758300000000006, "eta_track": 0.96630000000000005, "attenuation_mustang": null, "est0": 156.11869999999999, "t_rcvr_mustang": null, "eta_track_mustang": null}} , {"pk": 51, "model": "calculator.weathervalues", "fields": {"attenuation": 1.4986999999999999, "eta_dss": 0.62319999999999998, "frequency": 50, "t_atm": 257.5881, "est0_mustang": null, "tau0": 0.29830000000000001, "eta_surf": 0.97050000000000003, "t_rcvr": 113.2944, "eta_track": 0.96640000000000004, "attenuation_mustang": null, "est0": 249.2432, "t_rcvr_mustang": null, "eta_track_mustang": null}}, {"pk": 52, "model": "calculator.weathervalues", "fields": {"attenuation": 1.5996999999999999, "eta_dss": 0.5, "frequency": 51, "t_atm": 258.0992, "est0_mustang": null, "tau0": 0.30919999999999997, "eta_surf": 1.0, "t_rcvr": 75.0, "eta_track": 0.9708, "attenuation_mustang": null, "est0": 202.78039999999999, "t_rcvr_mustang": null, "eta_track_mustang": null}}, {"pk": 53, "model": "calculator.weathervalues", "fields": {"attenuation": 1.5996999999999999, "eta_dss": 0.5, "frequency": 52, "t_atm": 258.0992, "est0_mustang": null, "tau0": 0.30919999999999997, "eta_surf": 1.0, "t_rcvr": 75.0, "eta_track": 0.9708, "attenuation_mustang": null, "est0": 202.78039999999999, "t_rcvr_mustang": null, "eta_track_mustang": null}}, {"pk": 54, "model": "calculator.weathervalues", "fields": {"attenuation": 1.5996999999999999, "eta_dss": 0.5, "frequency": 53, "t_atm": 258.0992, "est0_mustang": null, "tau0": 0.30919999999999997, "eta_surf": 1.0, "t_rcvr": 75.0, "eta_track": 0.9708, "attenuation_mustang": null, "est0": 202.78039999999999, "t_rcvr_mustang": null, "eta_track_mustang": null}}, {"pk": 55, "model": "calculator.weathervalues", "fields": {"attenuation": 1.5996999999999999, "eta_dss": 0.5, "frequency": 54, "t_atm": 258.0992, "est0_mustang": null, "tau0": 0.30919999999999997, "eta_surf": 1.0, "t_rcvr": 75.0, "eta_track": 0.9708, "attenuation_mustang": null, "est0": 202.78039999999999, "t_rcvr_mustang": null, "eta_track_mustang": null}}, {"pk": 56, "model": "calculator.weathervalues", "fields": {"attenuation": 1.5996999999999999, "eta_dss": 0.5, "frequency": 55, "t_atm": 258.0992, "est0_mustang": null, "tau0": 0.30919999999999997, "eta_surf": 1.0, "t_rcvr": 75.0, "eta_track": 0.9708, "attenuation_mustang": null, "est0": 202.78039999999999, "t_rcvr_mustang": null, "eta_track_mustang": null}}, {"pk": 57, "model": "calculator.weathervalues", "fields": {"attenuation": 1.5996999999999999, "eta_dss": 0.5, "frequency": 56, "t_atm": 258.0992, "est0_mustang": null, "tau0": 0.30919999999999997, "eta_surf": 1.0, "t_rcvr": 75.0, "eta_track": 0.9708, "attenuation_mustang": null, "est0": 202.78039999999999, "t_rcvr_mustang": null, "eta_track_mustang": null}}, {"pk": 58, "model": "calculator.weathervalues", "fields": {"attenuation": 1.5996999999999999, "eta_dss": 0.5, "frequency": 57, "t_atm": 258.0992, "est0_mustang": null, "tau0": 0.30919999999999997, "eta_surf": 1.0, "t_rcvr": 75.0, "eta_track": 0.9708, "attenuation_mustang": null, "est0": 202.78039999999999, "t_rcvr_mustang": null, "eta_track_mustang": null}}, {"pk": 59, "model": "calculator.weathervalues", "fields": {"attenuation": 1.5996999999999999, "eta_dss": 0.5, "frequency": 58, "t_atm": 258.0992, "est0_mustang": null, "tau0": 0.30919999999999997, "eta_surf": 1.0, "t_rcvr": 75.0, "eta_track": 0.9708, "attenuation_mustang": null, "est0": 202.78039999999999, "t_rcvr_mustang": null, "eta_track_mustang": null}}, {"pk": 60, "model": "calculator.weathervalues", "fields": {"attenuation": 1.5996999999999999, "eta_dss": 0.5, "frequency": 59, "t_atm": 258.0992, "est0_mustang": null, "tau0": 0.30919999999999997, "eta_surf": 1.0, "t_rcvr": 75.0, "eta_track": 0.9708, "attenuation_mustang": null, "est0": 202.78039999999999, "t_rcvr_mustang": null, "eta_track_mustang": null}}, {"pk": 61, "model": "calculator.weathervalues", "fields": {"attenuation": 1.5996999999999999, "eta_dss": 0.5, "frequency": 60, "t_atm": 258.0992, "est0_mustang": null, "tau0": 0.30919999999999997, "eta_surf": 1.0, "t_rcvr": 75.0, "eta_track": 0.9708, "attenuation_mustang": null, "est0": 202.78039999999999, "t_rcvr_mustang": null, "eta_track_mustang": null}}, {"pk": 62, "model": "calculator.weathervalues", "fields": {"attenuation": 1.5996999999999999, "eta_dss": 0.5, "frequency": 61, "t_atm": 258.0992, "est0_mustang": null, "tau0": 0.30919999999999997, "eta_surf": 1.0, "t_rcvr": 75.0, "eta_track": 0.9708, "attenuation_mustang": null, "est0": 202.78039999999999, "t_rcvr_mustang": null, "eta_track_mustang": null}}, {"pk": 63, "model": "calculator.weathervalues", "fields": {"attenuation": 1.5996999999999999, "eta_dss": 0.5, "frequency": 62, "t_atm": 258.0992, "est0_mustang": null, "tau0": 0.30919999999999997, "eta_surf": 1.0, "t_rcvr": 75.0, "eta_track": 0.9708, "attenuation_mustang": null, "est0": 202.78039999999999, "t_rcvr_mustang": null, "eta_track_mustang": null}}, {"pk": 64, "model": "calculator.weathervalues", "fields": {"attenuation": 1.5996999999999999, "eta_dss": 0.5, "frequency": 63, "t_atm": 258.0992, "est0_mustang": null, "tau0": 0.30919999999999997, "eta_surf": 1.0, "t_rcvr": 75.0, "eta_track": 0.9708, "attenuation_mustang": null, "est0": 202.78039999999999, "t_rcvr_mustang": null, "eta_track_mustang": null}}, {"pk": 65, "model": "calculator.weathervalues", "fields": {"attenuation": 1.5996999999999999, "eta_dss": 0.5, "frequency": 64, "t_atm": 258.0992, "est0_mustang": null, "tau0": 0.30919999999999997, "eta_surf": 1.0, "t_rcvr": 75.0, "eta_track": 0.9708, "attenuation_mustang": null, "est0": 202.78039999999999, "t_rcvr_mustang": null, "eta_track_mustang": null}}, {"pk": 66, "model": "calculator.weathervalues", "fields": {"attenuation": 1.5996999999999999, "eta_dss": 0.5, "frequency": 65, "t_atm": 258.0992, "est0_mustang": null, "tau0": 0.30919999999999997, "eta_surf": 1.0, "t_rcvr": 75.0, "eta_track": 0.9708, "attenuation_mustang": null, "est0": 202.78039999999999, "t_rcvr_mustang": null, "eta_track_mustang": null}}, {"pk": 67, "model": "calculator.weathervalues", "fields": {"attenuation": 1.5996999999999999, "eta_dss": 0.5, "frequency": 66, "t_atm": 258.0992, "est0_mustang": null, "tau0": 0.30919999999999997, "eta_surf": 1.0, "t_rcvr": 75.0, "eta_track": 0.9708, "attenuation_mustang": null, "est0": 202.78039999999999, "t_rcvr_mustang": null, "eta_track_mustang": null}}, {"pk": 68, "model": "calculator.weathervalues", "fields": {"attenuation": 1.5996999999999999, "eta_dss": 0.5, "frequency": 67, "t_atm": 258.0992, "est0_mustang": null, "tau0": 0.30919999999999997, "eta_surf": 1.0, "t_rcvr": 75.0, "eta_track": 0.9708, "attenuation_mustang": null, "est0": 202.78039999999999, "t_rcvr_mustang": null, "eta_track_mustang": null}}, {"pk": 69, "model": "calculator.weathervalues", "fields": {"attenuation": 1.5996999999999999, "eta_dss": 0.5, "frequency": 68, "t_atm": 258.0992, "est0_mustang": null, "tau0": 0.30919999999999997, "eta_surf": 1.0, "t_rcvr": 75.0, "eta_track": 0.9708, "attenuation_mustang": null, "est0": 202.78039999999999, "t_rcvr_mustang": null, "eta_track_mustang": null}}, {"pk": 70, "model": "calculator.weathervalues", "fields": {"attenuation": 1.5996999999999999, "eta_dss": 0.5, "frequency": 69, "t_atm": 258.0992, "est0_mustang": null, "tau0": 0.30919999999999997, "eta_surf": 1.0, "t_rcvr": 75.0, "eta_track": 0.9708, "attenuation_mustang": null, "est0": 202.78039999999999, "t_rcvr_mustang": null, "eta_track_mustang": null}} , {"pk": 71, "model": "calculator.weathervalues", "fields": {"attenuation": 1.5996999999999999, "eta_dss": 0.5, "frequency": 70, "t_atm": 258.0992, "est0_mustang": null, "tau0": 0.30919999999999997, "eta_surf": 1.0, "t_rcvr": 75.0, "eta_track": 0.9708, "attenuation_mustang": null, "est0": 202.78039999999999, "t_rcvr_mustang": null, "eta_track_mustang": null}}, {"pk": 72, "model": "calculator.weathervalues", "fields": {"attenuation": 1.5057, "eta_dss": 0.5, "frequency": 71, "t_atm": 260.39060000000001, "est0_mustang": null, "tau0": 0.25869999999999999, "eta_surf": 1.0, "t_rcvr": 75.0, "eta_track": 0.97119999999999995, "attenuation_mustang": null, "est0": 180.90819999999999, "t_rcvr_mustang": null, "eta_track_mustang": null}}, {"pk": 73, "model": "calculator.weathervalues", "fields": {"attenuation": 1.4162999999999999, "eta_dss": 0.5, "frequency": 72, "t_atm": 262.68189999999998, "est0_mustang": null, "tau0": 0.2082, "eta_surf": 1.0, "t_rcvr": 75.0, "eta_track": 0.97160000000000002, "attenuation_mustang": null, "est0": 159.85400000000001, "t_rcvr_mustang": null, "eta_track_mustang": null}}, {"pk": 74, "model": "calculator.weathervalues", "fields": {"attenuation": 1.3763000000000001, "eta_dss": 0.5, "frequency": 73, "t_atm": 256.57459999999998, "est0_mustang": null, "tau0": 0.1835, "eta_surf": 1.0, "t_rcvr": 75.0, "eta_track": 0.97189999999999999, "attenuation_mustang": null, "est0": 148.38829999999999, "t_rcvr_mustang": null, "eta_track_mustang": null}}, {"pk": 75, "model": "calculator.weathervalues", "fields": {"attenuation": 1.3372999999999999, "eta_dss": 0.5, "frequency": 74, "t_atm": 250.46729999999999, "est0_mustang": null, "tau0": 0.1588, "eta_surf": 1.0, "t_rcvr": 75.0, "eta_track": 0.97230000000000005, "attenuation_mustang": null, "est0": 137.53039999999999, "t_rcvr_mustang": null, "eta_track_mustang": null}}, {"pk": 76, "model": "calculator.weathervalues", "fields": {"attenuation": 1.3090999999999999, "eta_dss": 0.5, "frequency": 75, "t_atm": 250.4974, "est0_mustang": null, "tau0": 0.1414, "eta_surf": 1.0, "t_rcvr": 75.0, "eta_track": 0.97270000000000001, "attenuation_mustang": null, "est0": 130.875, "t_rcvr_mustang": null, "eta_track_mustang": null}}, {"pk": 77, "model": "calculator.weathervalues", "fields": {"attenuation": 1.2814000000000001, "eta_dss": 0.5, "frequency": 76, "t_atm": 250.5274, "est0_mustang": null, "tau0": 0.1239, "eta_surf": 1.0, "t_rcvr": 75.0, "eta_track": 0.97309999999999997, "attenuation_mustang": null, "est0": 124.3336, "t_rcvr_mustang": null, "eta_track_mustang": null}}, {"pk": 78, "model": "calculator.weathervalues", "fields": {"attenuation": 1.2635000000000001, "eta_dss": 0.5, "frequency": 77, "t_atm": 250.5958, "est0_mustang": null, "tau0": 0.1124, "eta_surf": 1.0, "t_rcvr": 75.0, "eta_track": 0.97360000000000002, "attenuation_mustang": null, "est0": 120.1083, "t_rcvr_mustang": null, "eta_track_mustang": null}}, {"pk": 79, "model": "calculator.weathervalues", "fields": {"attenuation": 1.2459, "eta_dss": 0.5, "frequency": 78, "t_atm": 250.66409999999999, "est0_mustang": null, "tau0": 0.10100000000000001, "eta_surf": 1.0, "t_rcvr": 75.0, "eta_track": 0.97399999999999998, "attenuation_mustang": null, "est0": 115.9293, "t_rcvr_mustang": null, "eta_track_mustang": null}}, {"pk": 80, "model": "calculator.weathervalues", "fields": {"attenuation": 1.2349000000000001, "eta_dss": 0.5, "frequency": 79, "t_atm": 248.8794, "est0_mustang": null, "tau0": 0.0935, "eta_surf": 1.0, "t_rcvr": 75.0, "eta_track": 0.97440000000000004, "attenuation_mustang": null, "est0": 113.0197, "t_rcvr_mustang": null, "eta_track_mustang": null}}, {"pk": 81, "model": "calculator.weathervalues", "fields": {"attenuation": 1.224, "eta_dss": 0.5, "frequency": 80, "t_atm": 247.09479999999999, "est0_mustang": null, "tau0": 0.085900000000000004, "eta_surf": 1.0, "t_rcvr": 75.0, "eta_track": 0.97489999999999999, "attenuation_mustang": null, "est0": 110.1601, "t_rcvr_mustang": null, "eta_track_mustang": null}}, {"pk": 82, "model": "calculator.weathervalues", "fields": {"attenuation": 1.2149000000000001, "eta_dss": 0.5, "frequency": 81, "t_atm": 247.14109999999999, "est0_mustang": null, "tau0": 0.079899999999999999, "eta_surf": 1.0, "t_rcvr": 75.0, "eta_track": 0.97540000000000004, "attenuation_mustang": null, "est0": 108.02719999999999, "t_rcvr_mustang": null, "eta_track_mustang": null}}, {"pk": 83, "model": "calculator.weathervalues", "fields": {"attenuation": 1.2059, "eta_dss": 0.5, "frequency": 82, "t_atm": 247.18729999999999, "est0_mustang": null, "tau0": 0.073800000000000004, "eta_surf": 1.0, "t_rcvr": 75.0, "eta_track": 0.97589999999999999, "attenuation_mustang": null, "est0": 105.9066, "t_rcvr_mustang": null, "eta_track_mustang": null}}, {"pk": 84, "model": "calculator.weathervalues", "fields": {"attenuation": 1.1994, "eta_dss": 0.5, "frequency": 83, "t_atm": 247.23750000000001, "est0_mustang": null, "tau0": 0.069400000000000003, "eta_surf": 1.0, "t_rcvr": 75.0, "eta_track": 0.97629999999999995, "attenuation_mustang": null, "est0": 104.3732, "t_rcvr_mustang": null, "eta_track_mustang": null}}, {"pk": 85, "model": "calculator.weathervalues", "fields": {"attenuation": 1.1929000000000001, "eta_dss": 0.5, "frequency": 84, "t_atm": 247.2877, "est0_mustang": null, "tau0": 0.065000000000000002, "eta_surf": 1.0, "t_rcvr": 75.0, "eta_track": 0.9768, "attenuation_mustang": null, "est0": 102.846, "t_rcvr_mustang": null, "eta_track_mustang": null}}, {"pk": 86, "model": "calculator.weathervalues", "fields": {"attenuation": 1.1808000000000001, "eta_dss": 0.5, "frequency": 85, "t_atm": 247.33840000000001, "est0_mustang": null, "tau0": 0.061699999999999998, "eta_surf": 1.0, "t_rcvr": 75.0, "eta_track": 0.97740000000000005, "attenuation_mustang": null, "est0": 100.0, "t_rcvr_mustang": null, "eta_track_mustang": null}}, {"pk": 87, "model": "calculator.weathervalues", "fields": {"attenuation": 1.177, "eta_dss": 0.5, "frequency": 86, "t_atm": 247.38919999999999, "est0_mustang": 148.2748, "tau0": 0.058400000000000001, "eta_surf": 1.0, "t_rcvr": 75.0, "eta_track": 0.97999999999999998, "attenuation_mustang": 1.1942999999999999, "est0": 99.0, "t_rcvr_mustang": 120.0, "eta_track_mustang": 0.89119999999999999}}, {"pk": 88, "model": "calculator.weathervalues", "fields": {"attenuation": 1.177, "eta_dss": 0.5, "frequency": 87, "t_atm": 247.4376, "est0_mustang": 147.3168, "tau0": 0.056000000000000001, "eta_surf": 1.0, "t_rcvr": 75.0, "eta_track": 0.97999999999999998, "attenuation_mustang": 1.1908000000000001, "est0": 99.0, "t_rcvr_mustang": 120.0, "eta_track_mustang": 0.89119999999999999}}, {"pk": 89, "model": "calculator.weathervalues", "fields": {"attenuation": 1.1727000000000001, "eta_dss": 0.5, "frequency": 88, "t_atm": 247.48599999999999, "est0_mustang": 146.36080000000001, "tau0": 0.053499999999999999, "eta_surf": 1.0, "t_rcvr": 75.0, "eta_track": 0.97999999999999998, "attenuation_mustang": 1.1873, "est0": 98.0, "t_rcvr_mustang": 120.0, "eta_track_mustang": 0.8911}}, {"pk": 90, "model": "calculator.weathervalues", "fields": {"attenuation": 1.1726000000000001, "eta_dss": 0.5, "frequency": 89, "t_atm": 247.5291, "est0_mustang": 145.6797, "tau0": 0.051700000000000003, "eta_surf": 1.0, "t_rcvr": 75.0, "eta_track": 0.97999999999999998, "attenuation_mustang": 1.1848000000000001, "est0": 98.0, "t_rcvr_mustang": 120.0, "eta_track_mustang": 0.8911}}, {"pk": 91, "model": "calculator.weathervalues", "fields": {"attenuation": 1.1726000000000001, "eta_dss": 0.5, "frequency": 90, "t_atm": 247.57220000000001, "est0_mustang": 144.99959999999999, "tau0": 0.050000000000000003, "eta_surf": 1.0, "t_rcvr": 75.0, "eta_track": 0.97999999999999998, "attenuation_mustang": 1.1823999999999999, "est0": 98.0, "t_rcvr_mustang": 120.0, "eta_track_mustang": 0.8911}}, {"pk": 92, "model": "calculator.weathervalues", "fields": {"attenuation": 1.1682999999999999, "eta_dss": 0.5, "frequency": 91, "t_atm": 247.6071, "est0_mustang": 144.5147, "tau0": 0.048800000000000003, "eta_surf": 1.0, "t_rcvr": 75.0, "eta_track": 0.97999999999999998, "attenuation_mustang": 1.1806000000000001, "est0": 97.0, "t_rcvr_mustang": 120.0, "eta_track_mustang": 0.8911}}, {"pk": 93, "model": "calculator.weathervalues", "fields": {"attenuation": 1.1682999999999999, "eta_dss": 0.5, "frequency": 92, "t_atm": 247.642, "est0_mustang": 144.03030000000001, "tau0": 0.047500000000000001, "eta_surf": 1.0, "t_rcvr": 75.0, "eta_track": 0.97999999999999998, "attenuation_mustang": 1.1788000000000001, "est0": 97.0, "t_rcvr_mustang": 120.0, "eta_track_mustang": 0.8911}}, {"pk": 94, "model": "calculator.weathervalues", "fields": {"attenuation": 1.1687000000000001, "eta_dss": 0.5, "frequency": 93, "t_atm": 247.66569999999999, "est0_mustang": null, "tau0": 0.046800000000000001, "eta_surf": 1.0, "t_rcvr": 75.0, "eta_track": 0.9819, "attenuation_mustang": null, "est0": 97.0, "t_rcvr_mustang": null, "eta_track_mustang": null}}, {"pk": 95, "model": "calculator.weathervalues", "fields": {"attenuation": 1.1658999999999999, "eta_dss": 0.5, "frequency": 94, "t_atm": 247.68940000000001, "est0_mustang": null, "tau0": 0.045999999999999999, "eta_surf": 1.0, "t_rcvr": 75.0, "eta_track": 0.98250000000000004, "attenuation_mustang": null, "est0": 96.331599999999995, "t_rcvr_mustang": null, "eta_track_mustang": null}}, {"pk": 96, "model": "calculator.weathervalues", "fields": {"attenuation": 1.1656, "eta_dss": 0.5, "frequency": 95, "t_atm": 247.69890000000001, "est0_mustang": null, "tau0": 0.045699999999999998, "eta_surf": 1.0, "t_rcvr": 75.0, "eta_track": 0.98309999999999997, "attenuation_mustang": null, "est0": 96.229799999999997, "t_rcvr_mustang": null, "eta_track_mustang": null}}, {"pk": 97, "model": "calculator.weathervalues", "fields": {"attenuation": 1.1653, "eta_dss": 0.5, "frequency": 96, "t_atm": 247.70840000000001, "est0_mustang": null, "tau0": 0.045400000000000003, "eta_surf": 1.0, "t_rcvr": 75.0, "eta_track": 0.98380000000000001, "attenuation_mustang": null, "est0": 96.128, "t_rcvr_mustang": null, "eta_track_mustang": null}}, {"pk": 98, "model": "calculator.weathervalues", "fields": {"attenuation": 1.1656, "eta_dss": 0.5, "frequency": 97, "t_atm": 247.70050000000001, "est0_mustang": null, "tau0": 0.045600000000000002, "eta_surf": 1.0, "t_rcvr": 75.0, "eta_track": 0.98440000000000005, "attenuation_mustang": null, "est0": 96.178700000000006, "t_rcvr_mustang": null, "eta_track_mustang": null}}, {"pk": 99, "model": "calculator.weathervalues", "fields": {"attenuation": 1.1659999999999999, "eta_dss": 0.5, "frequency": 98, "t_atm": 247.6927, "est0_mustang": null, "tau0": 0.045699999999999998, "eta_surf": 1.0, "t_rcvr": 75.0, "eta_track": 0.98509999999999998, "attenuation_mustang": null, "est0": 96.229500000000002, "t_rcvr_mustang": null, "eta_track_mustang": null}}, {"pk": 100, "model": "calculator.weathervalues", "fields": {"attenuation": 1.1672, "eta_dss": 0.5, "frequency": 99, "t_atm": 247.6644, "est0_mustang": null, "tau0": 0.046399999999999997, "eta_surf": 1.0, "t_rcvr": 75.0, "eta_track": 0.98570000000000002, "attenuation_mustang": null, "est0": 96.466899999999995, "t_rcvr_mustang": null, "eta_track_mustang": null}}, {"pk": 101, "model": "calculator.weathervalues", "fields": {"attenuation": 1.1684000000000001, "eta_dss": 0.5, "frequency": 100, "t_atm": 247.6361, "est0_mustang": null, "tau0": 0.047100000000000003, "eta_surf": 1.0, "t_rcvr": 75.0, "eta_track": 0.98640000000000005, "attenuation_mustang": null, "est0": 96.704400000000007, "t_rcvr_mustang": null, "eta_track_mustang": null}}, {"pk": 102, "model": "calculator.weathervalues", "fields": {"attenuation": 1.1706000000000001, "eta_dss": 0.5, "frequency": 101, "t_atm": 247.58459999999999, "est0_mustang": null, "tau0": 0.048500000000000001, "eta_surf": 1.0, "t_rcvr": 75.0, "eta_track": 0.98709999999999998, "attenuation_mustang": null, "est0": 97.180000000000007, "t_rcvr_mustang": null, "eta_track_mustang": null}}, {"pk": 103, "model": "calculator.weathervalues", "fields": {"attenuation": 1.1728000000000001, "eta_dss": 0.5, "frequency": 102, "t_atm": 247.53309999999999, "est0_mustang": null, "tau0": 0.0499, "eta_surf": 1.0, "t_rcvr": 75.0, "eta_track": 0.98780000000000001, "attenuation_mustang": null, "est0": 97.656199999999998, "t_rcvr_mustang": null, "eta_track_mustang": null}}, {"pk": 104, "model": "calculator.weathervalues", "fields": {"attenuation": 1.1763999999999999, "eta_dss": 0.5, "frequency": 103, "t_atm": 247.45609999999999, "est0_mustang": null, "tau0": 0.052200000000000003, "eta_surf": 1.0, "t_rcvr": 75.0, "eta_track": 0.98850000000000005, "attenuation_mustang": null, "est0": 98.439999999999998, "t_rcvr_mustang": null, "eta_track_mustang": null}}, {"pk": 105, "model": "calculator.weathervalues", "fields": {"attenuation": 1.1799999999999999, "eta_dss": 0.5, "frequency": 104, "t_atm": 247.37899999999999, "est0_mustang": null, "tau0": 0.0545, "eta_surf": 1.0, "t_rcvr": 75.0, "eta_track": 0.98929999999999996, "attenuation_mustang": null, "est0": 99.225300000000004, "t_rcvr_mustang": null, "eta_track_mustang": null}}, {"pk": 106, "model": "calculator.weathervalues", "fields": {"attenuation": 1.1859, "eta_dss": 0.5, "frequency": 105, "t_atm": 247.2758, "est0_mustang": null, "tau0": 0.058299999999999998, "eta_surf": 1.0, "t_rcvr": 75.0, "eta_track": 0.98999999999999999, "attenuation_mustang": null, "est0": 100.5273, "t_rcvr_mustang": null, "eta_track_mustang": null}}, {"pk": 107, "model": "calculator.weathervalues", "fields": {"attenuation": 1.1917, "eta_dss": 0.5, "frequency": 106, "t_atm": 247.17259999999999, "est0_mustang": null, "tau0": 0.062100000000000002, "eta_surf": 1.0, "t_rcvr": 75.0, "eta_track": 0.99080000000000001, "attenuation_mustang": null, "est0": 101.8334, "t_rcvr_mustang": null, "eta_track_mustang": null}}, {"pk": 108, "model": "calculator.weathervalues", "fields": {"attenuation": 1.2015, "eta_dss": 0.5, "frequency": 107, "t_atm": 247.0454, "est0_mustang": null, "tau0": 0.068400000000000002, "eta_surf": 1.0, "t_rcvr": 75.0, "eta_track": 0.99150000000000005, "attenuation_mustang": null, "est0": 104.02849999999999, "t_rcvr_mustang": null, "eta_track_mustang": null}}, {"pk": 109, "model": "calculator.weathervalues", "fields": {"attenuation": 1.2113, "eta_dss": 0.5, "frequency": 108, "t_atm": 246.91829999999999, "est0_mustang": null, "tau0": 0.074800000000000005, "eta_surf": 1.0, "t_rcvr": 75.0, "eta_track": 0.99229999999999996, "attenuation_mustang": null, "est0": 106.2359, "t_rcvr_mustang": null, "eta_track_mustang": null}}, {"pk": 110, "model": "calculator.weathervalues", "fields": {"attenuation": 1.2286999999999999, "eta_dss": 0.5, "frequency": 109, "t_atm": 246.77529999999999, "est0_mustang": null, "tau0": 0.086099999999999996, "eta_surf": 1.0, "t_rcvr": 75.0, "eta_track": 0.99309999999999998, "attenuation_mustang": null, "est0": 110.1846, "t_rcvr_mustang": null, "eta_track_mustang": null}}, {"pk": 111, "model": "calculator.weathervalues", "fields": {"attenuation": 1.2464, "eta_dss": 0.5, "frequency": 110, "t_atm": 246.63229999999999, "est0_mustang": null, "tau0": 0.097299999999999998, "eta_surf": 1.0, "t_rcvr": 75.0, "eta_track": 0.99390000000000001, "attenuation_mustang": null, "est0": 114.17449999999999, "t_rcvr_mustang": null, "eta_track_mustang": null}}, {"pk": 112, "model": "calculator.weathervalues", "fields": {"attenuation": 1.2818000000000001, "eta_dss": 0.5, "frequency": 111, "t_atm": 246.4931, "est0_mustang": null, "tau0": 0.1197, "eta_surf": 1.0, "t_rcvr": 75.0, "eta_track": 0.99470000000000003, "attenuation_mustang": null, "est0": 122.2621, "t_rcvr_mustang": null, "eta_track_mustang": null}}, {"pk": 113, "model": "calculator.weathervalues", "fields": {"attenuation": 1.3181, "eta_dss": 0.5, "frequency": 112, "t_atm": 246.35380000000001, "est0_mustang": null, "tau0": 0.1421, "eta_surf": 1.0, "t_rcvr": 75.0, "eta_track": 0.99560000000000004, "attenuation_mustang": null, "est0": 130.52619999999999, "t_rcvr_mustang": null, "eta_track_mustang": null}}, {"pk": 114, "model": "calculator.weathervalues", "fields": {"attenuation": 1.4033, "eta_dss": 0.5, "frequency": 113, "t_atm": 248.1414, "est0_mustang": null, "tau0": 0.1933, "eta_surf": 1.0, "t_rcvr": 75.0, "eta_track": 0.99639999999999995, "attenuation_mustang": null, "est0": 150.54859999999999, "t_rcvr_mustang": null, "eta_track_mustang": null}}, {"pk": 115, "model": "calculator.weathervalues", "fields": {"attenuation": 1.4930000000000001, "eta_dss": 0.5, "frequency": 114, "t_atm": 249.92910000000001, "est0_mustang": null, "tau0": 0.2445, "eta_surf": 1.0, "t_rcvr": 75.0, "eta_track": 0.99729999999999996, "attenuation_mustang": null, "est0": 171.83070000000001, "t_rcvr_mustang": null, "eta_track_mustang": null}}, {"pk": 116, "model": "calculator.weathervalues", "fields": {"attenuation": 1.8172999999999999, "eta_dss": 0.5, "frequency": 115, "t_atm": 253.5189, "est0_mustang": null, "tau0": 0.41020000000000001, "eta_surf": 1.0, "t_rcvr": 75.0, "eta_track": 0.99819999999999998, "attenuation_mustang": null, "est0": 249.09460000000001, "t_rcvr_mustang": null, "eta_track_mustang": null}}, {"pk": 117, "model": "calculator.weathervalues", "fields": {"attenuation": 2.2004999999999999, "eta_dss": 0.5, "frequency": 116, "t_atm": 257.10879999999997, "est0_mustang": null, "tau0": 0.57579999999999998, "eta_surf": 1.0, "t_rcvr": 75.0, "eta_track": 0.99909999999999999, "attenuation_mustang": null, "est0": 341.8999, "t_rcvr_mustang": null, "eta_track_mustang": null}}]
