[{"pk": 1, "model": "sesshuns.receiver", "fields": {"abbreviation": "NS", "freq_hi": 0.0, "name": "NoiseSource", "freq_low": 0.0}}, {"pk": 2, "model": "sesshuns.receiver", "fields": {"abbreviation": "RRI", "freq_hi": 1.6000000000000001, "name": "Rcvr_RRI", "freq_low": 0.10000000000000001}}, {"pk": 3, "model": "sesshuns.receiver", "fields": {"abbreviation": "342", "freq_hi": 0.39500000000000002, "name": "Rcvr_342", "freq_low": 0.28999999999999998}}, {"pk": 4, "model": "sesshuns.receiver", "fields": {"abbreviation": "450", "freq_hi": 0.52000000000000002, "name": "Rcvr_450", "freq_low": 0.38500000000000001}}, {"pk": 5, "model": "sesshuns.receiver", "fields": {"abbreviation": "600", "freq_hi": 0.68999999999999995, "name": "Rcvr_600", "freq_low": 0.51000000000000001}}, {"pk": 6, "model": "sesshuns.receiver", "fields": {"abbreviation": "800", "freq_hi": 0.92000000000000004, "name": "Rcvr_800", "freq_low": 0.68000000000000005}}, {"pk": 7, "model": "sesshuns.receiver", "fields": {"abbreviation": "1070", "freq_hi": 1.23, "name": "Rcvr_1070", "freq_low": 0.91000000000000003}}, {"pk": 8, "model": "sesshuns.receiver", "fields": {"abbreviation": "L", "freq_hi": 1.73, "name": "Rcvr1_2", "freq_low": 1.1499999999999999}}, {"pk": 9, "model": "sesshuns.receiver", "fields": {"abbreviation": "S", "freq_hi": 2.6000000000000001, "name": "Rcvr2_3", "freq_low": 1.73}}, {"pk": 10, "model": "sesshuns.receiver", "fields": {"abbreviation": "C", "freq_hi": 6.0999999999999996, "name": "Rcvr4_6", "freq_low": 3.9500000000000002}}, {"pk": 11, "model": "sesshuns.receiver", "fields": {"abbreviation": "X", "freq_hi": 10.0, "name": "Rcvr8_10", "freq_low": 8.0}}, {"pk": 12, "model": "sesshuns.receiver", "fields": {"abbreviation": "Ku", "freq_hi": 15.4, "name": "Rcvr12_18", "freq_low": 12.0}}, {"pk": 13, "model": "sesshuns.receiver", "fields": {"abbreviation": "K", "freq_hi": 26.5, "name": "Rcvr18_26", "freq_low": 18.0}}, {"pk": 14, "model": "sesshuns.receiver", "fields": {"abbreviation": "Ka", "freq_hi": 39.5, "name": "Rcvr26_40", "freq_low": 26.0}}, {"pk": 15, "model": "sesshuns.receiver", "fields": {"abbreviation": "Q", "freq_hi": 49.799999999999997, "name": "Rcvr40_52", "freq_low": 38.200000000000003}}, {"pk": 16, "model": "sesshuns.receiver", "fields": {"abbreviation": "MBA", "freq_hi": 100.0, "name": "Rcvr_PAR", "freq_low": 80.0}}, {"pk": 17, "model": "sesshuns.receiver", "fields": {"abbreviation": "Z", "freq_hi": 0.0, "name": "Zpectrometer", "freq_low": 0.0}}, {"pk": 18, "model": "sesshuns.receiver", "fields": {"abbreviation": "Hol", "freq_hi": 12.199999999999999, "name": "Holography", "freq_low": 11.699999999999999}}, {"pk": 19, "model": "sesshuns.receiver", "fields": {"abbreviation": "KFPA", "freq_hi": 27.5, "name": "RcvrArray18_26", "freq_low": 17.0}}, {"pk": 1, "model": "sesshuns.backend", "fields": {"abbreviation": "CCB", "rc_code": "K", "name": "Caltech Continuum Backend"}}, {"pk": 2, "model": "sesshuns.backend", "fields": {"abbreviation": "CGSR2", "rc_code": "R", "name": "Caltech-Green Bank-Swinbourne Recorder 2"}}, {"pk": 3, "model": "sesshuns.backend", "fields": {"abbreviation": "DCR", "rc_code": "D", "name": "GBT Digital Continuum Receiver"}}, {"pk": 4, "model": "sesshuns.backend", "fields": {"abbreviation": "gbtSpec", "rc_code": "S", "name": "GBT Spectrometer"}}, {"pk": 5, "model": "sesshuns.backend", "fields": {"abbreviation": "GASP", "rc_code": "Y", "name": "Green Bank Astronomical Signal Processor"}}, {"pk": 7, "model": "sesshuns.backend", "fields": {"abbreviation": "HayMark4", "rc_code": "4", "name": "Haystack Mark 4 High bandwidth (> 1Gb/s)"}}, {"pk": 8, "model": "sesshuns.backend", "fields": {"abbreviation": "Mark5", "rc_code": "5", "name": "Mark 5 recorder (disks)"}}, {"pk": 9, "model": "sesshuns.backend", "fields": {"abbreviation": "Radar", "rc_code": "X", "name": "Radar backend"}}, {"pk": 10, "model": "sesshuns.backend", "fields": {"abbreviation": "gbtS2", "rc_code": "2", "name": "S2 recorder"}}, {"pk": 11, "model": "sesshuns.backend", "fields": {"abbreviation": "gbtSpecP", "rc_code": "P", "name": "Spectral Processor"}}, {"pk": 12, "model": "sesshuns.backend", "fields": {"abbreviation": "gbtVLBA", "rc_code": "V", "name": "VLBA recorder and DAR "}}, {"pk": 13, "model": "sesshuns.backend", "fields": {"abbreviation": "Zpect", "rc_code": "Z", "name": "Zpectrometer "}}, {"pk": 14, "model": "sesshuns.backend", "fields": {"abbreviation": "Other", "rc_code": "O", "name": "User supplied or new backend "}}, {"pk": 6, "model": "sesshuns.backend", "fields": {"abbreviation": "GUPPI", "rc_code": "U", "name": "Green bank Ultimate Pulsar Processor"}}, {"pk": 1, "model": "calculator.calc_backend", "fields": {"dss_backend": null, "name": "Mustang"}}, {"pk": 7, "model": "calculator.calc_backend", "fields": {"dss_backend": null, "name": "Spigot"}}, {"pk": 12, "model": "calculator.calc_backend", "fields": {"dss_backend": null, "name": "Other"}}, {"pk": 2, "model": "calculator.calc_backend", "fields": {"dss_backend": 2, "name": "CGSR2"}}, {"pk": 3, "model": "calculator.calc_backend", "fields": {"dss_backend": 5, "name": "GASP"}}, {"pk": 4, "model": "calculator.calc_backend", "fields": {"dss_backend": 9, "name": "Radar"}}, {"pk": 5, "model": "calculator.calc_backend", "fields": {"dss_backend": 1, "name": "CCB"}}, {"pk": 6, "model": "calculator.calc_backend", "fields": {"dss_backend": 8, "name": "Mark V"}}, {"pk": 8, "model": "calculator.calc_backend", "fields": {"dss_backend": 3, "name": "DCR"}}, {"pk": 9, "model": "calculator.calc_backend", "fields": {"dss_backend": 11, "name": "SP"}}, {"pk": 10, "model": "calculator.calc_backend", "fields": {"dss_backend": 4, "name": "ACS"}}, {"pk": 11, "model": "calculator.calc_backend", "fields": {"dss_backend": 6, "name": "GUPPI"}}, {"pk": 1, "model": "calculator.bandwidth", "fields": {"name": "NA"}}, {"pk": 2, "model": "calculator.bandwidth", "fields": {"name": "16"}}, {"pk": 3, "model": "calculator.bandwidth", "fields": {"name": "8"}}, {"pk": 4, "model": "calculator.bandwidth", "fields": {"name": "4"}}, {"pk": 5, "model": "calculator.bandwidth", "fields": {"name": "2"}}, {"pk": 6, "model": "calculator.bandwidth", "fields": {"name": "1"}}, {"pk": 7, "model": "calculator.bandwidth", "fields": {"name": "0.5"}}, {"pk": 8, "model": "calculator.bandwidth", "fields": {"name": "0.25"}}, {"pk": 9, "model": "calculator.bandwidth", "fields": {"name": "0.125"}}, {"pk": 10, "model": "calculator.bandwidth", "fields": {"name": "0.0625"}}, {"pk": 11, "model": "calculator.bandwidth", "fields": {"name": "12.5"}}, {"pk": 12, "model": "calculator.bandwidth", "fields": {"name": "50"}}, {"pk": 13, "model": "calculator.bandwidth", "fields": {"name": "200"}}, {"pk": 14, "model": "calculator.bandwidth", "fields": {"name": "800"}}, {"pk": 15, "model": "calculator.bandwidth", "fields": {"name": "20"}}, {"pk": 16, "model": "calculator.bandwidth", "fields": {"name": "40"}}, {"pk": 17, "model": "calculator.bandwidth", "fields": {"name": "80"}}, {"pk": 18, "model": "calculator.bandwidth", "fields": {"name": "240"}}, {"pk": 19, "model": "calculator.bandwidth", "fields": {"name": "320"}}, {"pk": 20, "model": "calculator.bandwidth", "fields": {"name": "1280"}}, {"pk": 21, "model": "calculator.bandwidth", "fields": {"name": "10"}}, {"pk": 22, "model": "calculator.bandwidth", "fields": {"name": "5"}}, {"pk": 23, "model": "calculator.bandwidth", "fields": {"name": "2.5"}}, {"pk": 24, "model": "calculator.bandwidth", "fields": {"name": "1.25"}}, {"pk": 25, "model": "calculator.bandwidth", "fields": {"name": "0.625"}}, {"pk": 26, "model": "calculator.bandwidth", "fields": {"name": "0.3125"}}, {"pk": 27, "model": "calculator.bandwidth", "fields": {"name": "0.15625"}}, {"pk": 28, "model": "calculator.bandwidth", "fields": {"name": "0.078125"}}, {"pk": 29, "model": "calculator.bandwidth", "fields": {"name": "400"}}, {"pk": 30, "model": "calculator.bandwidth", "fields": {"name": "100"}}, {"pk": 1, "model": "calculator.beams", "fields": {"name": "1"}}, {"pk": 2, "model": "calculator.beams", "fields": {"name": "2"}}, {"pk": 3, "model": "calculator.beams", "fields": {"name": "NA"}}, {"pk": 1, "model": "calculator.cc", "fields": {"topo_freq": 1.1499999999999999, "cc": 1.29}}, {"pk": 2, "model": "calculator.cc", "fields": {"topo_freq": 1.3999999999999999, "cc": 1.29}}, {"pk": 3, "model": "calculator.cc", "fields": {"topo_freq": 1.73, "cc": 1.23}}, {"pk": 4, "model": "calculator.cc", "fields": {"topo_freq": 3.9500000000000002, "cc": 1.23}}, {"pk": 5, "model": "calculator.cc", "fields": {"topo_freq": 4.9000000000000004, "cc": 1.23}}, {"pk": 6, "model": "calculator.cc", "fields": {"topo_freq": 5.8499999999999996, "cc": 1.24}}, {"pk": 7, "model": "calculator.cc", "fields": {"topo_freq": 8.0, "cc": 1.1799999999999999}}, {"pk": 8, "model": "calculator.cc", "fields": {"topo_freq": 9.0, "cc": 1.2}}, {"pk": 9, "model": "calculator.cc", "fields": {"topo_freq": 10.199999999999999, "cc": 1.21}}, {"pk": 10, "model": "calculator.cc", "fields": {"topo_freq": 12.0, "cc": 1.2}}, {"pk": 11, "model": "calculator.cc", "fields": {"topo_freq": 14.0, "cc": 1.2}}, {"pk": 12, "model": "calculator.cc", "fields": {"topo_freq": 15.4, "cc": 1.22}}, {"pk": 13, "model": "calculator.cc", "fields": {"topo_freq": 18.0, "cc": 1.1799999999999999}}, {"pk": 14, "model": "calculator.cc", "fields": {"topo_freq": 21.0, "cc": 1.2}}, {"pk": 15, "model": "calculator.cc", "fields": {"topo_freq": 22.0, "cc": 1.1899999999999999}}, {"pk": 16, "model": "calculator.cc", "fields": {"topo_freq": 24.0, "cc": 1.1799999999999999}}, {"pk": 17, "model": "calculator.cc", "fields": {"topo_freq": 26.5, "cc": 1.2}}, {"pk": 18, "model": "calculator.cc", "fields": {"topo_freq": 40.0, "cc": 1.1899999999999999}}, {"pk": 19, "model": "calculator.cc", "fields": {"topo_freq": 46.0, "cc": 1.21}}, {"pk": 20, "model": "calculator.cc", "fields": {"topo_freq": 52.0, "cc": 1.1899999999999999}}, {"pk": 21, "model": "calculator.cc", "fields": {"topo_freq": 60.0, "cc": 1.21}}, {"pk": 22, "model": "calculator.cc", "fields": {"topo_freq": 75.0, "cc": 1.22}}, {"pk": 23, "model": "calculator.cc", "fields": {"topo_freq": 90.0, "cc": 1.22}}, {"pk": 24, "model": "calculator.cc", "fields": {"topo_freq": 100.0, "cc": 1.22}}, {"pk": 25, "model": "calculator.cc", "fields": {"topo_freq": 115.0, "cc": 1.21}}, {"pk": 1, "model": "calculator.efficiency", "fields": {"efficiency_track_a": 0.99850000000000005, "efficiency_track_b": 0.999, "efficiency_track_c": 0.99750000000000005, "efficiency_track_all": 0.99860000000000004, "efficiency_atm_c": 0.96760000000000002, "efficiency_atm_b": 0.97689999999999999, "efficiency_atm_a": 0.97419999999999995, "efficiency_surf_all": 0.99939999999999996, "topo_freq": 2.0, "efficiency_atm_all": 0.9748, "efficiency_surf_b": 0.99939999999999996, "efficiency_surf_c": 0.99939999999999996, "efficiency_surf_a": 0.99919999999999998}}, {"pk": 2, "model": "calculator.efficiency", "fields": {"efficiency_track_a": 0.99750000000000005, "efficiency_track_b": 0.99550000000000005, "efficiency_track_c": 0.9909, "efficiency_track_all": 0.99509999999999998, "efficiency_atm_c": 0.9677, "efficiency_atm_b": 0.98380000000000001, "efficiency_atm_a": 0.96950000000000003, "efficiency_surf_all": 0.99870000000000003, "topo_freq": 3.0, "efficiency_atm_all": 0.97440000000000004, "efficiency_surf_b": 0.99850000000000005, "efficiency_surf_c": 0.99919999999999998, "efficiency_surf_a": 0.99860000000000004}}, {"pk": 3, "model": "calculator.efficiency", "fields": {"efficiency_track_a": 0.99319999999999997, "efficiency_track_b": 0.99429999999999996, "efficiency_track_c": 0.99180000000000001, "efficiency_track_all": 0.99339999999999995, "efficiency_atm_c": 0.96460000000000001, "efficiency_atm_b": 0.96299999999999997, "efficiency_atm_a": 0.96750000000000003, "efficiency_surf_all": 0.99780000000000002, "topo_freq": 4.0, "efficiency_atm_all": 0.96460000000000001, "efficiency_surf_b": 0.99729999999999996, "efficiency_surf_c": 0.99819999999999998, "efficiency_surf_a": 0.99829999999999997}}, {"pk": 4, "model": "calculator.efficiency", "fields": {"efficiency_track_a": 0.99009999999999998, "efficiency_track_b": 0.99150000000000005, "efficiency_track_c": 0.98740000000000006, "efficiency_track_all": 0.98980000000000001, "efficiency_atm_c": 0.96970000000000001, "efficiency_atm_b": 0.95050000000000001, "efficiency_atm_a": 0.9647, "efficiency_surf_all": 0.99639999999999995, "topo_freq": 5.0, "efficiency_atm_all": 0.96130000000000004, "efficiency_surf_b": 0.996, "efficiency_surf_c": 0.99590000000000001, "efficiency_surf_a": 0.99709999999999999}}, {"pk": 5, "model": "calculator.efficiency", "fields": {"efficiency_track_a": 0.99319999999999997, "efficiency_track_b": 0.99509999999999998, "efficiency_track_c": 0.99009999999999998, "efficiency_track_all": 0.99370000000000003, "efficiency_atm_c": 0.97270000000000001, "efficiency_atm_b": 0.9617, "efficiency_atm_a": 0.96909999999999996, "efficiency_surf_all": 0.99450000000000005, "topo_freq": 6.0, "efficiency_atm_all": 0.96609999999999996, "efficiency_surf_b": 0.99429999999999996, "efficiency_surf_c": 0.995, "efficiency_surf_a": 0.99460000000000004}}, {"pk": 6, "model": "calculator.efficiency", "fields": {"efficiency_track_a": 0.97840000000000005, "efficiency_track_b": 0.98229999999999995, "efficiency_track_c": 0.97160000000000002, "efficiency_track_all": 0.97899999999999998, "efficiency_atm_c": 0.9506, "efficiency_atm_b": 0.93000000000000005, "efficiency_atm_a": 0.97199999999999998, "efficiency_surf_all": 0.99119999999999997, "topo_freq": 8.0, "efficiency_atm_all": 0.94510000000000005, "efficiency_surf_b": 0.99150000000000005, "efficiency_surf_c": 0.99280000000000002, "efficiency_surf_a": 0.98939999999999995}}, {"pk": 7, "model": "calculator.efficiency", "fields": {"efficiency_track_a": 0.97829999999999995, "efficiency_track_b": 0.98299999999999998, "efficiency_track_c": 0.9819, "efficiency_track_all": 0.98250000000000004, "efficiency_atm_c": 0.92020000000000002, "efficiency_atm_b": 0.92700000000000005, "efficiency_atm_a": 0.94799999999999995, "efficiency_surf_all": 0.99139999999999995, "topo_freq": 9.0, "efficiency_atm_all": 0.92620000000000002, "efficiency_surf_b": 0.9899, "efficiency_surf_c": 0.996, "efficiency_surf_a": 0.98870000000000002}}, {"pk": 8, "model": "calculator.efficiency", "fields": {"efficiency_track_a": 0.90200000000000002, "efficiency_track_b": 0.97330000000000005, "efficiency_track_c": 0.96330000000000005, "efficiency_track_all": 0.96789999999999998, "efficiency_atm_c": 0.97250000000000003, "efficiency_atm_b": 0.91920000000000002, "efficiency_atm_a": 0.97750000000000004, "efficiency_surf_all": 0.99260000000000004, "topo_freq": 10.0, "efficiency_atm_all": 0.92889999999999995, "efficiency_surf_b": 0.99319999999999997, "efficiency_surf_c": 0.99480000000000002, "efficiency_surf_a": 0.97899999999999998}}, {"pk": 9, "model": "calculator.efficiency", "fields": {"efficiency_track_a": 0.86250000000000004, "efficiency_track_b": 0.96399999999999997, "efficiency_track_c": 0.94669999999999999, "efficiency_track_all": 0.94810000000000005, "efficiency_atm_c": 0.93930000000000002, "efficiency_atm_b": 0.86160000000000003, "efficiency_atm_a": 0.97499999999999998, "efficiency_surf_all": 0.97940000000000005, "topo_freq": 12.0, "efficiency_atm_all": 0.89039999999999997, "efficiency_surf_b": 0.98089999999999999, "efficiency_surf_c": 0.97999999999999998, "efficiency_surf_a": 0.96999999999999997}}, {"pk": 10, "model": "calculator.efficiency", "fields": {"efficiency_track_a": 0.96120000000000005, "efficiency_track_b": 0.96120000000000005, "efficiency_track_c": 0.94769999999999999, "efficiency_track_all": 0.95709999999999995, "efficiency_atm_c": 0.91620000000000001, "efficiency_atm_b": 0.86180000000000001, "efficiency_atm_a": 0.90229999999999999, "efficiency_surf_all": 0.97309999999999997, "topo_freq": 13.0, "efficiency_atm_all": 0.88790000000000002, "efficiency_surf_b": 0.96499999999999997, "efficiency_surf_c": 0.97960000000000003, "efficiency_surf_a": 0.98060000000000003}}, {"pk": 11, "model": "calculator.efficiency", "fields": {"efficiency_track_a": 0.98999999999999999, "efficiency_track_b": 0.93330000000000002, "efficiency_track_c": 0.96040000000000003, "efficiency_track_all": 0.94569999999999999, "efficiency_atm_c": 0.90839999999999999, "efficiency_atm_b": 0.85850000000000004, "efficiency_atm_a": 0.88439999999999996, "efficiency_surf_all": 0.96460000000000001, "topo_freq": 14.0, "efficiency_atm_all": 0.88129999999999997, "efficiency_surf_b": 0.96419999999999995, "efficiency_surf_c": 0.96499999999999997, "efficiency_surf_a": 0.97740000000000005}}, {"pk": 12, "model": "calculator.efficiency", "fields": {"efficiency_track_a": 0.97529999999999994, "efficiency_track_b": 0.96189999999999998, "efficiency_track_c": 0.97970000000000002, "efficiency_track_all": 0.96540000000000004, "efficiency_atm_c": 0.84130000000000005, "efficiency_atm_b": 0.81230000000000002, "efficiency_atm_a": 0.84370000000000001, "efficiency_surf_all": 0.96279999999999999, "topo_freq": 15.0, "efficiency_atm_all": 0.8196, "efficiency_surf_b": 0.95830000000000004, "efficiency_surf_c": 1.0, "efficiency_surf_a": 0.96709999999999996}}, {"pk": 13, "model": "calculator.efficiency", "fields": {"efficiency_track_a": 0.96830000000000005, "efficiency_track_b": 0.93359999999999999, "efficiency_track_c": 0.94969999999999999, "efficiency_track_all": 0.94640000000000002, "efficiency_atm_c": 0.8367, "efficiency_atm_b": 0.71909999999999996, "efficiency_atm_a": 0.74870000000000003, "efficiency_surf_all": 0.96560000000000001, "topo_freq": 18.0, "efficiency_atm_all": 0.77280000000000004, "efficiency_surf_b": 0.9536, "efficiency_surf_c": 0.98140000000000005, "efficiency_surf_a": 0.95669999999999999}}, {"pk": 14, "model": "calculator.efficiency", "fields": {"efficiency_track_a": 0.88360000000000005, "efficiency_track_b": 0.9274, "efficiency_track_c": 0.93200000000000005, "efficiency_track_all": 0.90500000000000003, "efficiency_atm_c": 0.77200000000000002, "efficiency_atm_b": 0.748, "efficiency_atm_a": 0.81699999999999995, "efficiency_surf_all": 0.93130000000000002, "topo_freq": 19.0, "efficiency_atm_all": 0.78879999999999995, "efficiency_surf_b": 0.94159999999999999, "efficiency_surf_c": 0.92700000000000005, "efficiency_surf_a": 0.92700000000000005}}, {"pk": 15, "model": "calculator.efficiency", "fields": {"efficiency_track_a": 0.89200000000000002, "efficiency_track_b": 0.94769999999999999, "efficiency_track_c": 0.91349999999999998, "efficiency_track_all": 0.93859999999999999, "efficiency_atm_c": 0.70569999999999999, "efficiency_atm_b": 0.67469999999999997, "efficiency_atm_a": 0.75460000000000005, "efficiency_surf_all": 0.93600000000000005, "topo_freq": 20.0, "efficiency_atm_all": 0.68300000000000005, "efficiency_surf_b": 0.94179999999999997, "efficiency_surf_c": 0.92000000000000004, "efficiency_surf_a": 0.93869999999999998}}, {"pk": 16, "model": "calculator.efficiency", "fields": {"efficiency_track_a": 0.93830000000000002, "efficiency_track_b": 0.95040000000000002, "efficiency_track_c": 0.94899999999999995, "efficiency_track_all": 0.94730000000000003, "efficiency_atm_c": 0.75529999999999997, "efficiency_atm_b": 0.62209999999999999, "efficiency_atm_a": 0.65169999999999995, "efficiency_surf_all": 0.94579999999999997, "topo_freq": 21.0, "efficiency_atm_all": 0.65969999999999995, "efficiency_surf_b": 0.92459999999999998, "efficiency_surf_c": 0.97070000000000001, "efficiency_surf_a": 0.97070000000000001}}, {"pk": 17, "model": "calculator.efficiency", "fields": {"efficiency_track_a": 0.93149999999999999, "efficiency_track_b": 0.92700000000000005, "efficiency_track_c": 0.91969999999999996, "efficiency_track_all": 0.92659999999999998, "efficiency_atm_c": 0.63790000000000002, "efficiency_atm_b": 0.65580000000000005, "efficiency_atm_a": 0.66220000000000001, "efficiency_surf_all": 0.96989999999999998, "topo_freq": 22.0, "efficiency_atm_all": 0.65310000000000001, "efficiency_surf_b": 0.96330000000000005, "efficiency_surf_c": 0.96909999999999996, "efficiency_surf_a": 0.97660000000000002}}, {"pk": 18, "model": "calculator.efficiency", "fields": {"efficiency_track_a": 0.93659999999999999, "efficiency_track_b": 0.93049999999999999, "efficiency_track_c": 0.93759999999999999, "efficiency_track_all": 0.93479999999999996, "efficiency_atm_c": 0.58740000000000003, "efficiency_atm_b": 0.66210000000000002, "efficiency_atm_a": 0.65390000000000004, "efficiency_surf_all": 0.96819999999999995, "topo_freq": 23.0, "efficiency_atm_all": 0.64249999999999996, "efficiency_surf_b": 0.97140000000000004, "efficiency_surf_c": 0.98499999999999999, "efficiency_surf_a": 0.95799999999999996}}, {"pk": 19, "model": "calculator.efficiency", "fields": {"efficiency_track_a": 0.95550000000000002, "efficiency_track_b": 0.94789999999999996, "efficiency_track_c": 0.93200000000000005, "efficiency_track_all": 0.94779999999999998, "efficiency_atm_c": 0.63100000000000001, "efficiency_atm_b": 0.56159999999999999, "efficiency_atm_a": 0.61350000000000005, "efficiency_surf_all": 0.95479999999999998, "topo_freq": 24.0, "efficiency_atm_all": 0.57889999999999997, "efficiency_surf_b": 0.9516, "efficiency_surf_c": 0.88700000000000001, "efficiency_surf_a": 1.0}}, {"pk": 20, "model": "calculator.efficiency", "fields": {"efficiency_track_a": 0.94999999999999996, "efficiency_track_b": 0.9123, "efficiency_track_c": 0.92130000000000001, "efficiency_track_all": 0.91749999999999998, "efficiency_atm_c": 0.63300000000000001, "efficiency_atm_b": 0.64700000000000002, "efficiency_atm_a": 0.67100000000000004, "efficiency_surf_all": 0.94189999999999996, "topo_freq": 25.0, "efficiency_atm_all": 0.64280000000000004, "efficiency_surf_b": 0.93899999999999995, "efficiency_surf_c": 0.93899999999999995, "efficiency_surf_a": 1.0}}, {"pk": 21, "model": "calculator.efficiency", "fields": {"efficiency_track_a": 0.90000000000000002, "efficiency_track_b": 0.91269999999999996, "efficiency_track_c": 0.90869999999999995, "efficiency_track_all": 0.90649999999999997, "efficiency_atm_c": 0.70730000000000004, "efficiency_atm_b": 0.68169999999999997, "efficiency_atm_a": 0.65200000000000002, "efficiency_surf_all": 0.91830000000000001, "topo_freq": 26.0, "efficiency_atm_all": 0.67889999999999995, "efficiency_surf_b": 0.91200000000000003, "efficiency_surf_c": 0.92459999999999998, "efficiency_surf_a": 0.91749999999999998}}, {"pk": 22, "model": "calculator.efficiency", "fields": {"efficiency_track_a": 0.82399999999999995, "efficiency_track_b": 0.91390000000000005, "efficiency_track_c": 0.9284, "efficiency_track_all": 0.91439999999999999, "efficiency_atm_c": 0.73529999999999995, "efficiency_atm_b": 0.72419999999999995, "efficiency_atm_a": 0.69799999999999995, "efficiency_surf_all": 0.8851, "topo_freq": 27.0, "efficiency_atm_all": 0.72609999999999997, "efficiency_surf_b": 0.88129999999999997, "efficiency_surf_c": 0.89929999999999999, "efficiency_surf_a": 0.85899999999999999}}, {"pk": 23, "model": "calculator.efficiency", "fields": {"efficiency_track_a": 0.91200000000000003, "efficiency_track_b": 0.92279999999999995, "efficiency_track_c": 0.92300000000000004, "efficiency_track_all": 0.92130000000000001, "efficiency_atm_c": 0.80700000000000005, "efficiency_atm_b": 0.68359999999999999, "efficiency_atm_a": 0.76700000000000002, "efficiency_surf_all": 0.93530000000000002, "topo_freq": 28.0, "efficiency_atm_all": 0.71309999999999996, "efficiency_surf_b": 0.93959999999999999, "efficiency_surf_c": 1.0, "efficiency_surf_a": 0.84899999999999998}}, {"pk": 24, "model": "calculator.efficiency", "fields": {"efficiency_track_a": 0.92830000000000001, "efficiency_track_b": 0.91200000000000003, "efficiency_track_c": 0.9345, "efficiency_track_all": 0.92769999999999997, "efficiency_atm_c": 0.79749999999999999, "efficiency_atm_b": 0.76100000000000001, "efficiency_atm_a": 0.81530000000000002, "efficiency_surf_all": 0.94630000000000003, "topo_freq": 29.0, "efficiency_atm_all": 0.80030000000000001, "efficiency_surf_b": 0.83899999999999997, "efficiency_surf_c": 1.0, "efficiency_surf_a": 0.94630000000000003}}, {"pk": 25, "model": "calculator.efficiency", "fields": {"efficiency_track_a": 0.8962, "efficiency_track_b": 0.8831, "efficiency_track_c": 0.91349999999999998, "efficiency_track_all": 0.89349999999999996, "efficiency_atm_c": 0.79200000000000004, "efficiency_atm_b": 0.76800000000000002, "efficiency_atm_a": 0.77380000000000004, "efficiency_surf_all": 0.87649999999999995, "topo_freq": 30.0, "efficiency_atm_all": 0.77490000000000003, "efficiency_surf_b": 0.84799999999999998, "efficiency_surf_c": 0.95730000000000004, "efficiency_surf_a": 0.86319999999999997}}, {"pk": 26, "model": "calculator.efficiency", "fields": {"efficiency_track_a": 0.91479999999999995, "efficiency_track_b": 0.91520000000000001, "efficiency_track_c": 0.90949999999999998, "efficiency_track_all": 0.91420000000000001, "efficiency_atm_c": 0.87849999999999995, "efficiency_atm_b": 0.75900000000000001, "efficiency_atm_a": 0.70850000000000002, "efficiency_surf_all": 0.94399999999999995, "topo_freq": 31.0, "efficiency_atm_all": 0.75409999999999999, "efficiency_surf_b": 0.92720000000000002, "efficiency_surf_c": 0.90900000000000003, "efficiency_surf_a": 0.96970000000000001}}, {"pk": 27, "model": "calculator.efficiency", "fields": {"efficiency_track_a": 0.92259999999999998, "efficiency_track_b": 0.89500000000000002, "efficiency_track_c": 0.90669999999999995, "efficiency_track_all": 0.90359999999999996, "efficiency_atm_c": 0.82230000000000003, "efficiency_atm_b": 0.83760000000000001, "efficiency_atm_a": 0.74119999999999997, "efficiency_surf_all": 0.92279999999999995, "topo_freq": 32.0, "efficiency_atm_all": 0.81120000000000003, "efficiency_surf_b": 0.87129999999999996, "efficiency_surf_c": 1.0, "efficiency_surf_a": 1.0}}, {"pk": 28, "model": "calculator.efficiency", "fields": {"efficiency_track_a": 0.9133, "efficiency_track_b": 0.90029999999999999, "efficiency_track_c": 0.91900000000000004, "efficiency_track_all": 0.91469999999999996, "efficiency_atm_c": 0.78400000000000003, "efficiency_atm_b": 0.84330000000000005, "efficiency_atm_a": 0.75800000000000001, "efficiency_surf_all": 1.0, "topo_freq": 33.0, "efficiency_atm_all": 0.76449999999999996, "efficiency_surf_b": 0.91739999999999999, "efficiency_surf_c": 1.0, "efficiency_surf_a": 1.0}}, {"pk": 29, "model": "calculator.efficiency", "fields": {"efficiency_track_a": 0.91349999999999998, "efficiency_track_b": 0.91400000000000003, "efficiency_track_c": 0.90700000000000003, "efficiency_track_all": 0.91149999999999998, "efficiency_atm_c": 0.85050000000000003, "efficiency_atm_b": 0.79749999999999999, "efficiency_atm_a": 0.78349999999999997, "efficiency_surf_all": 1.0, "topo_freq": 34.0, "efficiency_atm_all": 0.8105, "efficiency_surf_b": 1.0, "efficiency_surf_c": 1.0, "efficiency_surf_a": 1.0}}, {"pk": 30, "model": "calculator.efficiency", "fields": {"efficiency_track_a": 0.90900000000000003, "efficiency_track_b": 0.90080000000000005, "efficiency_track_c": 0.90249999999999997, "efficiency_track_all": 0.90349999999999997, "efficiency_atm_c": 0.84699999999999998, "efficiency_atm_b": 0.77580000000000005, "efficiency_atm_a": 0.82299999999999995, "efficiency_surf_all": 1.0, "topo_freq": 35.0, "efficiency_atm_all": 0.79149999999999998, "efficiency_surf_b": 1.0, "efficiency_surf_c": 1.0019, "efficiency_surf_a": 1.0}}, {"pk": 31, "model": "calculator.efficiency", "fields": {"efficiency_track_a": 0.90229999999999999, "efficiency_track_b": 0.90190000000000003, "efficiency_track_c": 0.90429999999999999, "efficiency_track_all": 0.90239999999999998, "efficiency_atm_c": 0.82730000000000004, "efficiency_atm_b": 0.78620000000000001, "efficiency_atm_a": 0.77569999999999995, "efficiency_surf_all": 1.0, "topo_freq": 36.0, "efficiency_atm_all": 0.79190000000000005, "efficiency_surf_b": 1.0, "efficiency_surf_c": 1.0, "efficiency_surf_a": 1.0}}, {"pk": 32, "model": "calculator.efficiency", "fields": {"efficiency_track_a": 0.8992, "efficiency_track_b": 0.89770000000000005, "efficiency_track_c": 0.90000000000000002, "efficiency_track_all": 0.8982, "efficiency_atm_c": 0.87709999999999999, "efficiency_atm_b": 0.79469999999999996, "efficiency_atm_a": 0.76300000000000001, "efficiency_surf_all": 1.0, "topo_freq": 37.0, "efficiency_atm_all": 0.78490000000000004, "efficiency_surf_b": 1.0, "efficiency_surf_c": 0.99950000000000006, "efficiency_surf_a": 1.0}}, {"pk": 33, "model": "calculator.efficiency", "fields": {"efficiency_track_a": 0.89149999999999996, "efficiency_track_b": 0.89049999999999996, "efficiency_track_c": 0.89349999999999996, "efficiency_track_all": 0.8911, "efficiency_atm_c": 0.90500000000000003, "efficiency_atm_b": 0.84309999999999996, "efficiency_atm_a": 0.86950000000000005, "efficiency_surf_all": 1.0, "topo_freq": 38.0, "efficiency_atm_all": 0.85570000000000002, "efficiency_surf_b": 1.0, "efficiency_surf_c": 1.0, "efficiency_surf_a": 1.0}}, {"pk": 34, "model": "calculator.efficiency", "fields": {"efficiency_track_a": 0.88900000000000001, "efficiency_track_b": 0.88770000000000004, "efficiency_track_c": 0.88900000000000001, "efficiency_track_all": 0.88790000000000002, "efficiency_atm_c": 0.83599999999999997, "efficiency_atm_b": 0.82030000000000003, "efficiency_atm_a": 0.82599999999999996, "efficiency_surf_all": 1.0, "topo_freq": 39.0, "efficiency_atm_all": 0.82179999999999997, "efficiency_surf_b": 1.0, "efficiency_surf_c": 1.0, "efficiency_surf_a": 1.0}}, {"pk": 35, "model": "calculator.efficiency", "fields": {"efficiency_track_a": 0.88329999999999997, "efficiency_track_b": 0.86650000000000005, "efficiency_track_c": 0.88070000000000004, "efficiency_track_all": 0.86650000000000005, "efficiency_atm_c": 0.79979999999999996, "efficiency_atm_b": 0.8528, "efficiency_atm_a": 0.79890000000000005, "efficiency_surf_all": 1.0, "topo_freq": 40.0, "efficiency_atm_all": 0.8528, "efficiency_surf_b": 1.0, "efficiency_surf_c": 1.0, "efficiency_surf_a": 1.0}}, {"pk": 36, "model": "calculator.efficiency", "fields": {"efficiency_track_a": 0.87470000000000003, "efficiency_track_b": 0.872, "efficiency_track_c": 0.877, "efficiency_track_all": 0.87280000000000002, "efficiency_atm_c": 0.83299999999999996, "efficiency_atm_b": 0.80020000000000002, "efficiency_atm_a": 0.80769999999999997, "efficiency_surf_all": 1.0, "topo_freq": 41.0, "efficiency_atm_all": 0.80359999999999998, "efficiency_surf_b": 1.0, "efficiency_surf_c": 1.0, "efficiency_surf_a": 1.0}}, {"pk": 37, "model": "calculator.efficiency", "fields": {"efficiency_track_a": 0.86699999999999999, "efficiency_track_b": 0.86970000000000003, "efficiency_track_c": 0.873, "efficiency_track_all": 0.87009999999999998, "efficiency_atm_c": 0.88500000000000001, "efficiency_atm_b": 0.82069999999999999, "efficiency_atm_a": 0.8135, "efficiency_surf_all": 1.0, "topo_freq": 42.0, "efficiency_atm_all": 0.82750000000000001, "efficiency_surf_b": 1.0, "efficiency_surf_c": 1.0, "efficiency_surf_a": 1.0}}, {"pk": 38, "model": "calculator.efficiency", "fields": {"efficiency_track_a": 0.86250000000000004, "efficiency_track_b": 0.86770000000000003, "efficiency_track_c": 0.84050000000000002, "efficiency_track_all": 0.86270000000000002, "efficiency_atm_c": 0.83499999999999996, "efficiency_atm_b": 0.85899999999999999, "efficiency_atm_a": 0.85350000000000004, "efficiency_surf_all": 1.0, "topo_freq": 43.0, "efficiency_atm_all": 0.85450000000000004, "efficiency_surf_b": 1.0, "efficiency_surf_c": 1.0, "efficiency_surf_a": 1.0}}, {"pk": 39, "model": "calculator.efficiency", "fields": {"efficiency_track_a": 0.86099999999999999, "efficiency_track_b": 0.85550000000000004, "efficiency_track_c": 0.86129999999999995, "efficiency_track_all": 0.85740000000000005, "efficiency_atm_c": 0.88100000000000001, "efficiency_atm_b": 0.80400000000000005, "efficiency_atm_a": 0.93400000000000005, "efficiency_surf_all": 1.0, "topo_freq": 44.0, "efficiency_atm_all": 0.83409999999999995, "efficiency_surf_b": 1.0, "efficiency_surf_c": 1.0, "efficiency_surf_a": 1.0}}, {"pk": 40, "model": "calculator.efficiency", "fields": {"efficiency_track_a": 0.85750000000000004, "efficiency_track_b": 0.85329999999999995, "efficiency_track_c": 0.85650000000000004, "efficiency_track_all": 0.85399999999999998, "efficiency_atm_c": 0.89000000000000001, "efficiency_atm_b": 0.84630000000000005, "efficiency_atm_a": 0.92020000000000002, "efficiency_surf_all": 1.0, "topo_freq": 45.0, "efficiency_atm_all": 0.85599999999999998, "efficiency_surf_b": 1.0, "efficiency_surf_c": 1.0, "efficiency_surf_a": 1.0}}, {"pk": 41, "model": "calculator.efficiency", "fields": {"efficiency_track_a": 0.85150000000000003, "efficiency_track_b": 0.84950000000000003, "efficiency_track_c": 0.84850000000000003, "efficiency_track_all": 0.84950000000000003, "efficiency_atm_c": 0.87329999999999997, "efficiency_atm_b": 0.80430000000000001, "efficiency_atm_a": 0.85389999999999999, "efficiency_surf_all": 1.0, "topo_freq": 46.0, "efficiency_atm_all": 0.80430000000000001, "efficiency_surf_b": 1.0, "efficiency_surf_c": 1.0, "efficiency_surf_a": 1.0}}, {"pk": 42, "model": "calculator.efficiency", "fields": {"efficiency_track_a": 0.84419999999999995, "efficiency_track_b": 0.84289999999999998, "efficiency_track_c": 0.84470000000000001, "efficiency_track_all": 0.84350000000000003, "efficiency_atm_c": 0.85529999999999995, "efficiency_atm_b": 0.75290000000000001, "efficiency_atm_a": 0.83320000000000005, "efficiency_surf_all": 1.0, "topo_freq": 47.0, "efficiency_atm_all": 0.79249999999999998, "efficiency_surf_b": 1.0, "efficiency_surf_c": 1.0, "efficiency_surf_a": 1.0}}, {"pk": 43, "model": "calculator.efficiency", "fields": {"efficiency_track_a": 0.83740000000000003, "efficiency_track_b": 0.8387, "efficiency_track_c": 0.83899999999999997, "efficiency_track_all": 0.83850000000000002, "efficiency_atm_c": 0.84379999999999999, "efficiency_atm_b": 0.75760000000000005, "efficiency_atm_a": 0.86060000000000003, "efficiency_surf_all": 1.0, "topo_freq": 48.0, "efficiency_atm_all": 0.79500000000000004, "efficiency_surf_b": 1.0, "efficiency_surf_c": 1.0, "efficiency_surf_a": 1.0}}, {"pk": 44, "model": "calculator.efficiency", "fields": {"efficiency_track_a": 0.83299999999999996, "efficiency_track_b": 0.83140000000000003, "efficiency_track_c": 0.83299999999999996, "efficiency_track_all": 0.83150000000000002, "efficiency_atm_c": 0.83799999999999997, "efficiency_atm_b": 0.72199999999999998, "efficiency_atm_a": 0.751, "efficiency_surf_all": 1.0, "topo_freq": 49.0, "efficiency_atm_all": 0.72960000000000003, "efficiency_surf_b": 1.0, "efficiency_surf_c": 1.0, "efficiency_surf_a": 1.0}}, {"pk": 45, "model": "calculator.efficiency", "fields": {"efficiency_track_a": 0.82669999999999999, "efficiency_track_b": 0.82550000000000001, "efficiency_track_c": 0.83299999999999996, "efficiency_track_all": 0.82579999999999998, "efficiency_atm_c": 0.83799999999999997, "efficiency_atm_b": 0.78010000000000002, "efficiency_atm_a": 0.83050000000000002, "efficiency_surf_all": 1.0, "topo_freq": 50.0, "efficiency_atm_all": 0.79190000000000005, "efficiency_surf_b": 1.0, "efficiency_surf_c": 1.0, "efficiency_surf_a": 1.0}}, {"pk": 1, "model": "calculator.frequencyresolution", "fields": {"bandwidth": null, "max_number_channels": 1024, "backend": 9}}, {"pk": 2, "model": "calculator.frequencyresolution", "fields": {"bandwidth": 800.0, "max_number_channels": 8192, "backend": 10}}, {"pk": 3, "model": "calculator.frequencyresolution", "fields": {"bandwidth": 200.0, "max_number_channels": 32768, "backend": 10}}, {"pk": 4, "model": "calculator.frequencyresolution", "fields": {"bandwidth": 50.0, "max_number_channels": 131072, "backend": 10}}, {"pk": 5, "model": "calculator.frequencyresolution", "fields": {"bandwidth": 125.0, "max_number_channels": 131072, "backend": 10}}, {"pk": 1, "model": "calculator.integration", "fields": {"name": "NA"}}, {"pk": 2, "model": "calculator.integration", "fields": {"name": "0.005"}}, {"pk": 3, "model": "calculator.integration", "fields": {"name": "2.0E-09"}}, {"pk": 4, "model": "calculator.integration", "fields": {"name": "0.100"}}, {"pk": 5, "model": "calculator.integration", "fields": {"name": "1.00"}}, {"pk": 1, "model": "calculator.spectralwindows", "fields": {"name": "NA"}}, {"pk": 2, "model": "calculator.spectralwindows", "fields": {"name": "1"}}, {"pk": 3, "model": "calculator.spectralwindows", "fields": {"name": "2"}}, {"pk": 4, "model": "calculator.spectralwindows", "fields": {"name": "4"}}, {"pk": 5, "model": "calculator.spectralwindows", "fields": {"name": "1"}}, {"pk": 6, "model": "calculator.spectralwindows", "fields": {"name": "2"}}, {"pk": 7, "model": "calculator.spectralwindows", "fields": {"name": "4"}}, {"pk": 8, "model": "calculator.spectralwindows", "fields": {"name": "8"}}, {"pk": 9, "model": "calculator.spectralwindows", "fields": {"name": "NA:4"}}, {"pk": 1, "model": "calculator.polarization", "fields": {"name": "NA"}}, {"pk": 2, "model": "calculator.polarization", "fields": {"name": "Summed"}}, {"pk": 3, "model": "calculator.polarization", "fields": {"name": "Single"}}, {"pk": 4, "model": "calculator.polarization", "fields": {"name": "Dual"}}, {"pk": 5, "model": "calculator.polarization", "fields": {"name": "(Q,U)"}}, {"pk": 6, "model": "calculator.polarization", "fields": {"name": "(I,Q,U,V)"}}, {"pk": 1, "model": "calculator.receiver", "fields": {"dss_receiver": 3, "name": "3", "band_low": 0.28999999999999998, "band_hi": 0.39500000000000002, "display_name" : "PF1"}}, {"pk": 2, "model": "calculator.receiver", "fields": {"dss_receiver": 4, "name": "4", "band_low": 0.38500000000000001, "band_hi": 0.52000000000000002, "display_name" : "PF1"}}, {"pk": 3, "model": "calculator.receiver", "fields": {"dss_receiver": 5, "name": "6", "band_low": 0.51000000000000001, "band_hi": 0.68999999999999995, "display_name": "PF1"}}, {"pk": 4, "model": "calculator.receiver", "fields": {"dss_receiver": 6, "name": "8", "band_low": 0.68000000000000005, "band_hi": 0.92000000000000004, "display_name": "PF1"}}, {"pk": 5, "model": "calculator.receiver", "fields": {"dss_receiver": 7, "name": "A", "band_low": 0.90000000000000002, "band_hi": 1.23, "display_name": "PF2"}}, {"pk": 6, "model": "calculator.receiver", "fields": {"dss_receiver": 8, "name": "L", "band_low": 1.1499999999999999, "band_hi": 1.73, "display_name": "L"}}, {"pk": 7, "model": "calculator.receiver", "fields": {"dss_receiver": 9, "name": "S", "band_low": 1.73, "band_hi": 2.6000000000000001, "display_name": "S"}}, {"pk": 8, "model": "calculator.receiver", "fields": {"dss_receiver": 10, "name": "C", "band_low": 3.9500000000000002, "band_hi": 5.8499999999999996, "display_name": "C"}}, {"pk": 9, "model": "calculator.receiver", "fields": {"dss_receiver": 11, "name": "X", "band_low": 8.0, "band_hi": 10.0, "display_name": "X"}}, {"pk": 10, "model": "calculator.receiver", "fields": {"dss_receiver": 12, "name": "U", "band_low": 12.0, "band_hi": 15.4, "display_name": "Ku"}}, {"pk": 11, "model": "calculator.receiver", "fields": {"dss_receiver": 13, "name": "K1", "band_low": 18.0, "band_hi": 22.399999999999999, "display_name": "K Lower"}}, {"pk": 12, "model": "calculator.receiver", "fields": {"dss_receiver": 13, "name": "K2", "band_low": 22.0, "band_hi": 26.5, "display_name": "K Upper"}}, {"pk": 14, "model": "calculator.receiver", "fields": {"dss_receiver": 14, "name": "B1", "band_low": 26.0, "band_hi": 31.0, "display_name": "Ka F1"}}, {"pk": 15, "model": "calculator.receiver", "fields": {"dss_receiver": 14, "name": "B2", "band_low": 27.0, "band_hi": 30.5, "display_name": "Ka F2"}}, {"pk": 16, "model": "calculator.receiver", "fields": {"dss_receiver": 14, "name": "B3", "band_low": 26.0, "band_hi": 39.799999999999997, "display_name": "Ka F3"}}, {"pk": 18, "model": "calculator.receiver", "fields": {"dss_receiver": 14, "name": "B", "band_low": 26.0, "band_hi": 39.799999999999997, "display_name": "Ka"}}, {"pk": 13, "model": "calculator.receiver", "fields": {"dss_receiver": 15, "name": "Q", "band_low": 38.200000000000003, "band_hi": 49.799999999999997, "display_name": "Q"}}, {"pk": 17, "model": "calculator.receiver", "fields": {"dss_receiver": null, "name": "O", "band_low": null, "band_hi": null}}, {"pk": 19, "model": "calculator.receiver", "fields": {"dss_receiver": null, "name": "NA", "band_low": null, "band_hi": null}}, {"pk": 1, "model": "calculator.switching", "fields": {"abbreviation": "NA", "name": "NA"}}, {"pk": 2, "model": "calculator.switching", "fields": {"abbreviation": "BSW", "name": "Beam switching"}}, {"pk": 3, "model": "calculator.switching", "fields": {"abbreviation": "BSW-PS", "name": "Beam Switching - Position Switching"}}, {"pk": 4, "model": "calculator.switching", "fields": {"abbreviation": "BSW-NOD", "name": "Beam Switching - Nodding between beams"}}, {"pk": 5, "model": "calculator.switching", "fields": {"abbreviation": "BSW-SRN", "name": "Beam Switching - Sub-reflector nodding between beams"}}, {"pk": 6, "model": "calculator.switching", "fields": {"abbreviation": "TP", "name": "Total Power"}}, {"pk": 7, "model": "calculator.switching", "fields": {"abbreviation": "TP-PS", "name": "Total Power - Position Switching"}}, {"pk": 8, "model": "calculator.switching", "fields": {"abbreviation": "TP-NOD", "name": "Total Power - Nodding between beams"}}, {"pk": 9, "model": "calculator.switching", "fields": {"abbreviation": "TP-SRN", "name": "Total Power - Sub-reflector nodding between beams"}}, {"pk": 10, "model": "calculator.switching", "fields": {"abbreviation": "IFSW", "name": "In-Band Frequency Switching"}}, {"pk": 14, "model": "calculator.switching", "fields": {"abbreviation": "OFSW", "name": "Out-of-Band Frequency Switching"}}, {"pk": 1, "model": "calculator.mode", "fields": {"name": "Continuum"}}, {"pk": 2, "model": "calculator.mode", "fields": {"name": "Pulsar"}}, {"pk": 3, "model": "calculator.mode", "fields": {"name": "HTR"}}, {"pk": 4, "model": "calculator.mode", "fields": {"name": "Spectral Line"}}, {"pk": 5, "model": "calculator.mode", "fields": {"name": "NA"}}, {"pk": 6, "model": "calculator.mode", "fields": {"name": "Radar"}}]
